,longitude,latitude,owner
0,30.339188,59.947113,9599465@N08
1,30.339333,59.94704399999999,9599465@N08
2,30.331027000000002,59.888130000000004,9599465@N08
3,30.331208,59.888068999999994,9599465@N08
4,30.330625,59.888077,9599465@N08
5,30.339011,59.94709399999999,9599465@N08
6,30.320076,59.940788,93332534@N08
7,30.448971999999998,59.917522,139699994@N05
8,30.449371999999997,59.917522,139699994@N05
9,30.449610999999997,59.917538,139699994@N05
10,30.449438,59.91734399999999,139699994@N05
11,30.449263000000002,59.917441000000004,139699994@N05
12,30.449236,59.917530000000006,139699994@N05
13,30.449725,59.917483,139699994@N05
14,30.449438,59.917472,139699994@N05
15,30.449213,59.917513,139699994@N05
16,30.449391,59.917472,139699994@N05
17,30.449322,59.91755,139699994@N05
18,30.449308000000002,59.917469,139699994@N05
19,30.449285999999997,59.91743,139699994@N05
20,30.449202000000003,59.917480000000005,139699994@N05
21,30.448783000000002,59.917469,139699994@N05
22,30.422934,59.933951,48185104@N04
23,30.363066999999997,59.930801,146152811@N07
24,30.353121,59.991351,36948562@N07
25,30.331063,59.960537,36948562@N07
26,30.254094,59.876188,36948562@N07
27,30.255028000000003,59.878083999999994,36948562@N07
28,30.264060999999998,59.875935,36948562@N07
29,30.312827000000002,59.939491000000004,95446690@N02
30,30.329056,59.940052,13962113@N05
31,30.2858,59.923472,75010855@N03
32,30.306365000000003,59.933092,127795981@N06
33,30.328542,59.920147,50158479@N05
34,30.317802,59.934691,65805628@N05
35,30.329019,59.940549,43296902@N00
36,30.314852000000002,59.938736,157592834@N04
37,30.314969,59.93874399999999,157592834@N04
38,30.314944,59.938788,157592834@N04
39,30.31495,59.938866000000004,157592834@N04
40,30.31498,59.938841000000004,157592834@N04
41,30.315,59.939005,157592834@N04
42,30.313765999999998,59.941252,157592834@N04
43,30.315733,59.940088,157592834@N04
44,30.314163,59.940761,157592834@N04
45,30.319311,59.939811,157592834@N04
46,30.319625,59.940891,157592834@N04
47,30.322733000000003,59.939716000000004,157592834@N04
48,30.32845,59.94065500000001,157592834@N04
49,30.329005,59.940463,157592834@N04
51,30.328219,59.940963,157592834@N04
52,30.328713,59.940077,157592834@N04
53,30.328146999999998,59.94131899999999,157592834@N04
54,30.327969,59.94154399999999,157592834@N04
55,30.328305,59.940936,157592834@N04
56,30.328485999999998,59.939643999999994,157592834@N04
57,30.328111,59.939724,157592834@N04
58,30.328575,59.939747,157592834@N04
59,30.328363,59.93959399999999,157592834@N04
60,30.326721999999997,59.935568999999994,157592834@N04
61,30.326721999999997,59.93555,157592834@N04
62,30.335252,59.934008,157592834@N04
63,30.342044,59.938252,157592834@N04
64,30.339613,59.94028,157592834@N04
65,30.308125,59.93275799999999,157592834@N04
66,30.308127000000002,59.932727,157592834@N04
67,30.302260999999998,59.936602,157592834@N04
68,30.314188,59.938136,157592834@N04
69,30.314894,59.94093,157592834@N04
70,30.328977000000002,59.940811,157592834@N04
72,30.312695,59.941091,65805628@N05
73,30.352434999999996,59.943135999999996,43205617@N06
74,30.308768,59.939675,78192940@N00
75,30.274061,59.900755000000004,140264807@N07
76,30.301779999999997,59.936383,140264807@N07
77,30.348755,59.942668999999995,46560530@N05
87,30.315334000000004,59.928775,43205617@N06
88,30.303613000000002,59.94595,55459255@N04
89,30.310764000000002,59.932342000000006,127795981@N06
90,30.405702,59.947852000000005,153314440@N07
91,30.401327000000002,59.942586,70192309@N03
92,30.3007,59.934020999999994,78192940@N00
93,30.276946999999996,59.914761999999996,47765927@N06
94,30.298823,59.949979000000006,99637942@N03
95,30.35183,59.916621,55459255@N04
96,30.3319,59.934569999999994,70192309@N03
98,30.332946999999997,59.934403,145565190@N05
99,30.302366999999997,59.937063,145565190@N05
100,30.294197999999998,59.925470999999995,70192309@N03
101,30.286324,59.925753,146152811@N07
102,30.316988000000002,59.945927000000005,57445335@N00
103,30.261111,59.879918999999994,57445335@N00
105,30.3149,59.935877000000005,57445335@N00
107,30.30453,59.916902,57445335@N00
108,30.302138,59.93660799999999,57445335@N00
109,30.308047,59.93258,57445335@N00
110,30.324340999999997,59.935477,57445335@N00
111,30.324890999999997,59.951513,57445335@N00
112,30.320113,59.949916,57445335@N00
113,30.320429999999998,59.950213,57445335@N00
115,30.316565999999998,59.949766000000004,57445335@N00
117,30.322657,59.958369999999995,50158479@N05
118,30.336078999999998,59.929143,50158479@N05
119,30.337801000000002,59.94031999999999,50158479@N05
120,30.328229999999998,59.951625,50158479@N05
121,30.329582000000002,59.953242,50158479@N05
122,30.381782,59.942115,145565190@N05
123,30.342528,59.933398,145565190@N05
124,30.321799,59.942823,143103827@N05
125,30.352005,59.943276000000004,43205617@N06
126,30.307298,59.933191,127795981@N06
127,30.339378000000004,59.964774,43205617@N06
128,30.403962,59.940675,145565190@N05
129,30.396665999999996,59.942995999999994,145565190@N05
130,30.302953000000002,59.946715000000005,48185104@N04
131,30.342918,59.937096,56334423@N00
132,30.449508,59.91734399999999,139699994@N05
133,30.449505,59.917513,139699994@N05
134,30.449463,59.917396999999994,139699994@N05
135,30.449458,59.917522,139699994@N05
136,30.449665999999997,59.917246999999996,139699994@N05
137,30.328874,59.94009499999999,43205617@N06
138,30.328884999999996,59.940089,43205617@N06
139,30.348694000000002,60.008727,140264807@N07
141,30.319453999999997,59.943512,93332534@N08
142,30.331041,59.929198,163622925@N05
143,30.303490000000004,59.946059,48185104@N04
144,30.303660999999998,59.941525,33277678@N03
145,30.301013,59.940211,33277678@N03
146,30.306729999999998,59.932953000000005,127795981@N06
147,30.296559000000002,59.926494999999996,146152811@N07
148,30.285487,59.925802000000004,146152811@N07
150,30.337102,59.954502000000005,57445335@N00
151,30.342675,59.933861,55016694@N05
152,30.339689,59.953348,164894858@N03
153,30.449677,59.91758000000001,139699994@N05
154,30.449455,59.917469,139699994@N05
155,30.450177000000004,59.917605,139699994@N05
156,30.449755,59.91758299999999,139699994@N05
158,30.293055,59.931399,96497948@N04
159,30.338465999999997,59.953968,50158479@N05
160,30.337821999999996,59.955418,50158479@N05
161,30.337885999999997,59.956825,50158479@N05
163,30.352434999999996,59.943029,50158479@N05
164,30.449471999999997,59.917213000000004,139699994@N05
165,30.449688000000002,59.917388,139699994@N05
166,30.449340999999997,59.917457999999996,139699994@N05
167,30.449158,59.917513,139699994@N05
168,30.450740999999997,59.91798299999999,139699994@N05
169,30.4497,59.917632999999995,139699994@N05
170,30.449525,59.917677000000005,139699994@N05
171,30.44933,59.917513,139699994@N05
172,30.449644,59.917660999999995,139699994@N05
173,30.449483,59.917288,139699994@N05
174,30.44998,59.917930000000005,139699994@N05
175,30.319819,59.943534,93332534@N08
176,30.322072,59.932931,127795981@N06
177,30.323982,59.935318,127795981@N06
179,30.302588,59.936021,155632720@N03
180,30.332057,59.93881,145565190@N05
181,30.404326,59.942389,145565190@N05
182,30.290833000000003,59.937052,57445335@N00
183,30.319744,59.926761,57445335@N00
185,30.359696999999997,59.926868999999996,57445335@N00
186,30.360021999999997,59.92781899999999,57445335@N00
187,30.300105,59.90771899999999,57445335@N00
190,30.31618,59.938807999999995,57445335@N00
191,30.315860999999998,59.939177,57445335@N00
192,30.317227000000003,59.937943999999995,57445335@N00
193,30.316188,59.95013,57445335@N00
195,30.308419,59.941072,57445335@N00
196,30.308636,59.940957999999995,57445335@N00
197,30.350664000000002,59.92735,146152811@N07
198,30.350686,59.927339,146152811@N07
199,30.271660999999998,59.876852,102798525@N07
200,30.305999999999997,59.934139,84054295@N08
201,30.260479999999998,59.906263,142785886@N06
202,30.235533,59.927025,38107537@N03
235,30.351665999999998,59.941666000000005,147567774@N02
236,30.33848,59.958861,26999357@N07
237,30.30188,59.93659,84054295@N08
238,30.332027000000004,59.934574,140264807@N07
239,30.362859000000004,59.93131700000001,145565190@N05
240,30.316843,59.938353,145565190@N05
241,30.314296999999996,59.940105,145565190@N05
242,30.260271999999997,59.905602,142785886@N06
243,30.449494,59.91758000000001,139699994@N05
244,30.449463,59.917441000000004,139699994@N05
245,30.449536,59.91756899999999,139699994@N05
246,30.449291,59.9173,139699994@N05
247,30.450029999999998,59.917593999999994,139699994@N05
248,30.449333000000003,59.917530000000006,139699994@N05
249,30.449219,59.91743,139699994@N05
250,30.449469,59.917427,139699994@N05
251,30.306510999999997,59.907536,88046665@N02
252,30.306502000000002,59.9075,88046665@N02
253,30.298163,59.907410999999996,88046665@N02
254,30.297788,59.90771899999999,88046665@N02
255,30.298619,59.907552,88046665@N02
256,30.298775,59.907586,88046665@N02
257,30.298911,59.907563,88046665@N02
258,30.29903,59.907593999999996,88046665@N02
259,30.307727000000003,59.93535,88046665@N02
260,30.317513,59.937282999999994,88046665@N02
261,30.299697,59.908425,88046665@N02
262,30.300077,59.907922,88046665@N02
263,30.309022,59.934771999999995,88046665@N02
264,30.317660999999998,59.93963000000001,88046665@N02
265,30.318519000000002,59.939930000000004,88046665@N02
266,30.318619,59.939896999999995,88046665@N02
267,30.32783,59.940833,88046665@N02
268,30.328477000000003,59.940672,88046665@N02
269,30.330858000000003,59.938047,88046665@N02
270,30.317596999999996,59.939666,88046665@N02
271,30.319163,59.940011,88046665@N02
272,30.317327000000002,59.939502000000005,88046665@N02
273,30.307244,59.933780000000006,88046665@N02
274,30.307221999999996,59.933868999999994,88046665@N02
275,30.355885999999998,59.913938,88046665@N02
276,30.356458,59.913722,88046665@N02
277,30.357411,59.910430000000005,88046665@N02
278,30.357152000000003,59.91025500000001,88046665@N02
279,30.357111,59.910146999999995,88046665@N02
280,30.357002,59.910091,88046665@N02
281,30.356516,59.90923299999999,88046665@N02
282,30.356361,59.908938,88046665@N02
283,30.359246999999996,59.913410999999996,88046665@N02
284,30.358096999999997,59.914246999999996,88046665@N02
285,30.353044,59.911063,88046665@N02
286,30.352233000000002,59.909941,88046665@N02
287,30.351977,59.909760999999996,88046665@N02
288,30.352163,59.911511,88046665@N02
289,30.3062,59.906344,88046665@N02
290,30.298333000000003,59.907775,88046665@N02
291,30.299854999999997,59.907747,88046665@N02
292,30.306860999999998,59.933777,88046665@N02
293,30.357321999999996,59.910413,88046665@N02
294,30.358452000000003,59.914196999999994,88046665@N02
295,30.352805,59.910821999999996,88046665@N02
296,30.353471999999996,59.912,88046665@N02
297,30.327340999999997,59.940808,88046665@N02
298,30.316977,59.938244,88046665@N02
299,30.307752,59.932402,88046665@N02
300,30.30215,59.936902,88046665@N02
301,30.305852,59.94214100000001,88046665@N02
302,30.291945000000002,59.950278000000004,28878497@N00
325,30.260275,59.905436,142785886@N06
326,30.306085999999997,59.93408,50158479@N05
327,30.449336,59.917480000000005,139699994@N05
328,30.449275,59.917541,139699994@N05
329,30.449140999999997,59.917494,139699994@N05
330,30.449279999999998,59.917477000000005,139699994@N05
341,30.449647,59.91771899999999,139699994@N05
342,30.449458,59.917508,139699994@N05
343,30.449263000000002,59.917469,139699994@N05
344,30.449336,59.917488,139699994@N05
345,30.449786,59.91775500000001,139699994@N05
346,30.449402000000003,59.917418999999995,139699994@N05
347,30.449352,59.917494,139699994@N05
348,30.449371999999997,59.917494,139699994@N05
363,30.347896999999996,59.933099,95446690@N02
364,30.294584999999998,59.925839,78192940@N00
365,30.260294000000002,59.905060999999996,142785886@N06
366,30.306783000000003,59.943146999999996,8565035@N08
367,30.315753000000004,59.939073,8565035@N08
368,30.307127,59.942884,8565035@N08
369,30.259715999999997,59.904302,142785886@N06
370,30.316096,59.933075,78192940@N00
371,30.335122,59.93425799999999,98091919@N03
372,30.3665,59.934098999999996,98091919@N03
373,30.347886,59.933116000000005,95446690@N02
374,30.377869,59.926391,95446690@N02
375,30.316021000000003,59.950272999999996,38107537@N03
383,30.356833,59.93903,8084580@N06
384,30.332390000000004,59.938751,145565190@N05
385,30.406715000000002,59.950433,145565190@N05
386,30.351111,59.941666000000005,147567774@N02
387,30.312695,59.940116,155632720@N03
388,30.449396999999998,59.9174,139699994@N05
389,30.449402000000003,59.91735799999999,139699994@N05
390,30.449546999999995,59.917538,139699994@N05
391,30.44978,59.917663,139699994@N05
392,30.449602000000002,59.917641,139699994@N05
393,30.449827000000003,59.917733,139699994@N05
394,30.44953,59.917575,139699994@N05
395,30.449755,59.917766,139699994@N05
396,30.449154999999998,59.91754399999999,139699994@N05
397,30.44973,59.917674,139699994@N05
398,30.449663,59.917561,139699994@N05
399,30.449925,59.918043999999995,139699994@N05
400,30.450015999999998,59.917988,139699994@N05
401,30.449816,59.917736,139699994@N05
402,30.449410999999998,59.917561,139699994@N05
403,30.449716,59.917716000000006,139699994@N05
404,30.449690999999998,59.917705000000005,139699994@N05
405,30.44985,59.917825,139699994@N05
406,30.449111,59.917591,139699994@N05
430,30.286903000000002,59.933602,153082496@N06
431,30.350535999999998,59.927425,160294050@N04
432,30.388076,59.922237,155446309@N04
433,30.32395,59.93418199999999,8565035@N08
434,30.322233,59.933887,8565035@N08
443,30.294327000000003,59.925017000000004,8565035@N08
447,30.449263000000002,59.917525,139699994@N05
448,30.4495,59.917275,139699994@N05
449,30.349806,59.932494999999996,38107537@N03
451,30.377302,59.926621999999995,95446690@N02
452,30.318531,59.959221,84054295@N08
453,30.377285999999998,59.926632999999995,95446690@N02
454,30.377258,59.926638,95446690@N02
481,30.307695000000002,59.969745999999994,84054295@N08
482,30.330044,59.93622,38107537@N03
503,30.419876000000002,59.928839,118143737@N06
508,30.315291,59.940836,118143737@N06
525,30.306161,59.944678,146152811@N07
526,30.350761,59.927366000000006,146152811@N07
527,30.35075,59.927339,146152811@N07
528,30.334086,59.948280000000004,22451301@N00
529,30.329729999999998,59.947725,22451301@N00
530,30.335988,59.94838299999999,22451301@N00
539,30.313189,59.93954599999999,118143737@N06
541,30.312479999999997,59.939976,118143737@N06
543,30.312523,59.940008999999996,118143737@N06
551,30.314648,59.940943999999995,118143737@N06
553,30.317211999999998,59.950599,118143737@N06
561,30.312663,59.95105600000001,118143737@N06
562,30.315184000000002,59.950363,118143737@N06
563,30.316557,59.950239,118143737@N06
565,30.306720000000002,59.932739,75738127@N02
566,30.315,59.941666000000005,147567774@N02
567,30.313610999999998,59.941388,147567774@N02
568,30.308888,59.940833,147567774@N02
569,30.313682,59.952388,22451301@N00
570,30.318489000000003,59.959264000000005,84054295@N08
571,30.322233,59.933445999999996,50158479@N05
572,30.328831,59.940073,38107537@N03
575,30.327694,59.935113,127795981@N06
576,30.334217,59.94708000000001,126096062@N05
577,30.316278000000004,59.949917000000006,146152811@N07
587,30.313553000000002,59.941118,118143737@N06
594,30.316084999999998,59.941578,118143737@N06
595,30.312565999999997,59.940191000000006,118143737@N06
599,30.310506,59.938128000000006,118143737@N06
610,30.315914000000003,59.950229,146152811@N07
611,30.314496999999996,59.950261,146152811@N07
612,30.303908000000003,59.944872,146152811@N07
620,30.323553000000004,59.950024,22451301@N00
622,30.332652000000003,59.93594399999999,108959106@N05
623,30.346587,59.928479,50158479@N05
642,30.318703000000003,59.9491,146152811@N07
643,30.318682,59.949090000000005,146152811@N07
651,30.307115999999997,59.939094,57445335@N00
652,30.337633,59.954696999999996,57445335@N00
654,30.30415,59.93576899999999,57445335@N00
655,30.3129,59.938325,57445335@N00
656,30.315849,59.939083999999994,163622925@N05
657,30.312244,59.940406,163622925@N05
662,30.311665,59.93354300000001,133859519@N04
663,30.324776,59.95663199999999,84054295@N08
664,30.334419,59.93426899999999,127795981@N06
665,30.329646999999998,59.934888,127795981@N06
666,30.326886,59.920118,145565190@N05
667,30.307667,59.917085,145565190@N05
668,30.340543,59.956299,145565190@N05
669,30.301065,59.930533,163622925@N05
670,30.365713,59.952909,145565190@N05
671,30.311758,59.93718199999999,145565190@N05
672,30.312545,59.940831,38107537@N03
710,30.360538000000002,59.931563,57445335@N00
711,30.345913,59.927625,57445335@N00
728,30.342553000000002,59.954875,142050378@N02
740,30.256686,59.989013,136369523@N04
748,30.323465999999996,59.970967,132895874@N07
749,30.323789,59.955149,84054295@N08
750,30.320742,59.94394499999999,38107537@N03
751,30.315163000000002,59.936657,132895874@N07
752,30.314196999999997,59.940911,155632720@N03
788,30.258096999999996,59.911011,99210278@N08
789,30.332264000000002,59.938922999999996,146152811@N07
790,30.317028999999998,59.960102,84054295@N08
791,30.327361,59.937369999999994,138149749@N05
792,30.326653000000004,59.935704,138149749@N05
793,30.27376,59.900878000000006,50158479@N05
794,30.249740999999997,59.9109,50158479@N05
795,30.283067,59.92083100000001,50158479@N05
796,30.354429999999997,59.942513,8084580@N06
797,30.332093,59.938880000000005,146152811@N07
798,30.332286,59.938891000000005,146152811@N07
799,30.309873,59.93663299999999,78192940@N00
801,30.320935,59.931114,133859519@N04
802,30.259446999999998,59.906296999999995,142785886@N06
803,30.338052,59.954482999999996,96044947@N03
804,30.316329999999997,59.9298,96044947@N03
805,30.315416,59.938961,96044947@N03
806,30.231427000000004,59.972333,96044947@N03
808,30.370036,59.927636,93914024@N04
809,30.370019,59.92765,93914024@N04
810,30.260996999999996,59.943144,71764008@N04
811,30.328574,59.939857999999994,22451301@N00
812,30.449361,59.917508,139699994@N05
813,30.449446999999996,59.91756899999999,139699994@N05
814,30.258602000000003,59.90601899999999,142785886@N06
815,30.318918,59.957975,84054295@N08
816,30.292138,59.879265000000004,36081480@N08
817,30.30718,59.948977,94421156@N04
818,30.332221,59.938848,146152811@N07
819,30.332007,59.938891000000005,146152811@N07
820,30.338058,59.955325,43205617@N06
821,30.305184999999998,59.9465,22451301@N00
823,30.31188,59.951572,22451301@N00
824,30.309133000000003,59.949681000000005,22451301@N00
831,30.308134999999996,59.932101,50158479@N05
832,30.334099,59.920253,146152811@N07
833,30.32027,59.941212,22451301@N00
836,30.331191999999998,59.948864,22451301@N00
839,30.317629999999998,59.947745999999995,22451301@N00
843,30.318908,59.949063,96044947@N03
844,30.324011,59.95179399999999,96044947@N03
845,30.337636,59.955675,96044947@N03
846,30.337744,59.955516,96044947@N03
847,30.324410999999998,59.934204,80165352@N03
848,30.290744,59.952785999999996,145673278@N07
849,30.328059000000003,59.940084,22451301@N00
850,30.327737,59.939192000000006,22451301@N00
851,30.328422999999997,59.940138,22451301@N00
854,30.448319,59.917205,139699994@N05
855,30.449038,59.917286,139699994@N05
856,30.449125,59.917283,139699994@N05
857,30.449455,59.917386,139699994@N05
858,30.4492,59.917480000000005,139699994@N05
859,30.449796999999997,59.917269,139699994@N05
860,30.449338,59.91751899999999,139699994@N05
861,30.449540999999996,59.917674,139699994@N05
862,30.449786,59.917513,139699994@N05
863,30.449452,59.917469,139699994@N05
864,30.449596999999997,59.917452000000004,139699994@N05
866,30.448596999999996,59.91735500000001,139699994@N05
867,30.329346,59.940245,22451301@N00
868,30.449046999999997,59.917202,139699994@N05
869,30.448929999999997,59.917063,139699994@N05
871,30.449225,59.917488,139699994@N05
872,30.449133000000003,59.91756899999999,139699994@N05
876,30.449669,59.917660999999995,139699994@N05
877,30.449588000000002,59.917552,139699994@N05
879,30.449440999999997,59.917427,139699994@N05
880,30.449488,59.917502,139699994@N05
881,30.449491,59.917586,139699994@N05
882,30.449552,59.917305000000006,139699994@N05
883,30.449563,59.91751899999999,139699994@N05
884,30.449279999999998,59.917480000000005,139699994@N05
885,30.449519,59.91755,139699994@N05
886,30.401852,59.960308,140264807@N07
887,30.290754999999997,59.928689,84054295@N08
888,30.326471,59.935687,22451301@N00
921,30.30623,59.944058999999996,27656681@N00
922,30.258427,59.90588,142785886@N06
923,30.328015999999998,59.919913,27656681@N00
924,30.351684000000002,59.90948,46560530@N05
955,30.328069,59.939046999999995,22451301@N00
956,30.328187,59.93954599999999,22451301@N00
957,30.328209,59.939665000000005,22451301@N00
961,30.449536,59.917508,139699994@N05
962,30.449452,59.9175,139699994@N05
963,30.449463,59.917655,139699994@N05
964,30.449483,59.917671999999996,139699994@N05
965,30.449408000000002,59.917511,139699994@N05
966,30.449322,59.917591,139699994@N05
967,30.449438,59.917460999999996,139699994@N05
968,30.449385999999997,59.917449,139699994@N05
969,30.319646999999996,59.939177,126249021@N08
970,30.312305,59.940086,126249021@N08
971,30.316086,59.938461,135836556@N06
972,30.30945,59.937025,96044947@N03
973,30.311311,59.939663,96044947@N03
974,30.313994,59.940327,96044947@N03
1013,30.347134999999998,59.929689,8084580@N06
1014,30.256713,59.904385999999995,142785886@N06
1015,30.263534999999997,59.934116,133859519@N04
1017,30.337103000000003,59.869191,99637942@N03
1018,30.304638,59.941469999999995,118143737@N06
1019,30.324603999999997,59.935675,127795981@N06
1020,30.291752000000002,59.926237,84054295@N08
1021,30.258129999999998,59.903361,142785886@N06
1022,30.324966999999997,59.934847999999995,25986852@N03
1027,30.290282,59.927893000000005,84054295@N08
1028,30.427296999999996,59.922430000000006,126249021@N08
1029,30.290401,59.929439,126249021@N08
1030,30.312735999999997,59.933986,126249021@N08
1031,30.378333,59.92613299999999,126249021@N08
1032,30.285333,59.928491,126249021@N08
1033,30.286555,59.929632999999995,126249021@N08
1034,30.386478000000004,59.923770999999995,56866445@N05
1035,30.308544,59.932787,126249021@N08
1036,30.294766999999997,59.92793100000001,84054295@N08
1037,30.332210999999997,59.938283,118143737@N06
1039,30.32955,59.940041,118143737@N06
1040,30.32882,59.93998199999999,118143737@N06
1041,30.308704,59.932742000000005,118143737@N06
1042,30.308371,59.931962,118143737@N06
1046,30.306869,59.933623,118143737@N06
1048,30.308414000000003,59.932086,118143737@N06
1049,30.330923,59.953216000000005,118143737@N06
1058,30.305711,59.947736,118143737@N06
1060,30.306719,59.943056000000006,118143737@N06
1066,30.316096,59.950159,118143737@N06
1067,30.305163,59.943631,118143737@N06
1070,30.316032,59.950127,118143737@N06
1072,30.337404,59.958023,50158479@N05
1073,30.335424,59.941089,50158479@N05
1074,30.328841999999998,59.941562,50158479@N05
1075,30.329684000000004,59.942195999999996,50158479@N05
1076,30.316471999999997,59.949853000000004,50158479@N05
1077,30.326985999999998,59.949186,50158479@N05
1078,30.340472,59.95839399999999,50158479@N05
1079,30.286440999999996,59.923255000000005,75010855@N03
1080,30.286427000000003,59.923171999999994,75010855@N03
1082,30.28645,59.923235999999996,75010855@N03
1083,30.286402000000002,59.923125,75010855@N03
1084,30.286365999999997,59.923193999999995,75010855@N03
1085,30.301740999999996,59.936077000000004,137151232@N05
1086,30.327288,59.935280000000006,137151232@N05
1087,30.298669,59.93898000000001,137151232@N05
1088,30.298583,59.938961,137151232@N05
1089,30.315109000000003,59.93275799999999,78192940@N00
1090,30.274703999999996,59.901179000000006,30888227@N08
1091,30.314733,59.936053,30888227@N08
1092,30.306706,59.933848,25986852@N03
1093,30.257752000000004,59.902049,142785886@N06
1094,30.292258,59.923697,85355933@N00
1095,30.314970000000002,59.942029000000005,155632720@N03
1096,30.317158000000003,59.960058999999994,84054295@N08
1097,30.312369,59.940337,59303276@N06
1098,30.335953999999997,59.932159,96497948@N04
1099,30.293126,59.92635500000001,84054295@N08
1100,30.354322999999997,60.001668,84054295@N08
1101,30.305184999999998,59.92196800000001,138188791@N04
1102,30.315914000000003,59.939321,138188791@N04
1103,30.306729999999998,59.942287,138188791@N04
1104,30.295143,59.938697,138188791@N04
1105,30.308918,59.937472,138188791@N04
1106,30.306558000000003,59.948928,138188791@N04
1107,30.300528999999997,59.924065,138188791@N04
1108,30.318145,59.938429000000006,145414276@N08
1109,30.316482,59.939052000000004,145414276@N08
1110,30.329303000000003,59.935085,138188791@N04
1111,30.305571,59.916461,138188791@N04
1112,30.314283000000003,59.950175,138188791@N04
1113,30.342521,59.933473,138188791@N04
1114,30.306386,59.944523,138188791@N04
1115,30.305474,59.941626,148909932@N06
1116,30.298640000000002,59.93903,148909932@N06
1117,30.299928,59.9396,148909932@N06
1118,30.289541999999997,59.93680500000001,148909932@N06
1119,30.319540000000003,59.93624200000001,127795981@N06
1120,30.319603999999998,59.936239,127795981@N06
1122,30.340933000000003,59.999736999999996,84054295@N08
1123,30.314656,59.970971,96497948@N04
1124,30.314648,59.933322,78192940@N00
1125,30.313017,59.940996999999996,145414276@N08
1126,30.3166,59.950309,145414276@N08
1127,30.338171999999997,59.939813,33277678@N03
1128,30.344561,59.936007999999994,33277678@N03
1129,30.324883000000003,59.935508,127795981@N06
1130,30.30605,59.93955699999999,145565190@N05
1131,30.353871999999996,60.0014,84054295@N08
1132,30.313617999999998,59.93820899999999,63470540@N04
1133,30.327033,59.935191,137151232@N05
1134,30.327927000000003,59.953122,99210278@N08
1135,30.449336,59.917472,139699994@N05
1136,30.449475,59.917375,139699994@N05
1137,30.449469,59.917421999999995,139699994@N05
1138,30.449419,59.917480000000005,139699994@N05
1139,30.44953,59.917591,139699994@N05
1140,30.449346999999996,59.917446999999996,139699994@N05
1141,30.449583,59.917416,139699994@N05
1142,30.449408000000002,59.917449,139699994@N05
1143,30.449888,59.917652000000004,139699994@N05
1145,30.305783,59.990618999999995,131694276@N08
1146,30.307083000000002,59.990596999999994,131694276@N08
1147,30.256102000000002,59.98306899999999,136369523@N04
1148,30.292213,59.923727,85355933@N00
1149,30.273084000000004,59.943796,132895874@N07
1150,30.449536,59.917407999999995,139699994@N05
1151,30.449463,59.917561,139699994@N05
1152,30.4493,59.917563,139699994@N05
1153,30.449475,59.917586,139699994@N05
1154,30.449352,59.917421999999995,139699994@N05
1155,30.4495,59.9174,139699994@N05
1156,30.449075,59.91738,139699994@N05
1157,30.449677,59.917736,139699994@N05
1158,30.449396999999998,59.917446999999996,139699994@N05
1159,30.324507,59.93436,146152811@N07
1160,30.332779,59.921344,146152811@N07
1161,30.334217,59.92088199999999,146152811@N07
1162,30.44953,59.917325,139699994@N05
1163,30.449152,59.917511,139699994@N05
1164,30.345075,59.935021,146152811@N07
1165,30.342971999999996,59.93343,146152811@N07
1166,30.324969,59.935225,146152811@N07
1167,30.273020000000002,59.943881999999995,132895874@N07
1168,30.273921,59.932193999999996,138188791@N04
1169,30.301108000000003,59.922893,138188791@N04
1170,30.292208000000002,59.923722,85355933@N00
1171,30.292254999999997,59.923694,85355933@N00
1172,30.397166,59.947361,130291010@N08
1173,30.317028999999998,59.950401,134351999@N07
1174,30.327844,59.948820999999995,134351999@N07
1175,30.340869,59.945581000000004,134351999@N07
1176,30.328702000000003,59.940041,134351999@N07
1177,30.305528000000002,59.934677,134351999@N07
1178,30.308896999999998,59.931624,53528423@N00
1179,30.316729,59.938159999999996,138188791@N04
1180,30.32514,59.932871,138188791@N04
1181,30.328616999999998,59.940138,138188791@N04
1182,30.304840999999996,59.935042,138188791@N04
1183,30.311837,59.92513,138188791@N04
1184,30.313081,59.923021999999996,138188791@N04
1185,30.30776,59.94953,138188791@N04
1186,30.306408,59.933887,139225521@N03
1187,30.305614000000002,59.934452,139225521@N03
1188,30.288276,59.929437,127795981@N06
1189,30.328831,59.940191000000006,155632720@N03
1190,30.317459000000003,59.937751,138188791@N04
1191,30.314798,59.939772,138188791@N04
1192,30.318446,59.936440000000005,138188791@N04
1193,30.324710999999997,59.935064000000004,138188791@N04
1194,30.301795000000002,59.987616,84054295@N08
1195,30.308768,59.94986899999999,145414276@N08
1196,30.392056,59.948875,30888227@N08
1197,30.449740999999996,59.917525,139699994@N05
1198,30.301472999999998,59.986028000000005,84054295@N08
1199,30.313940000000002,59.938356000000006,63470540@N04
1200,30.292283,59.923671999999996,85355933@N00
1201,30.292275,59.923660999999996,85355933@N00
1202,30.292275,59.923663,85355933@N00
1203,30.292277000000002,59.923663,85355933@N00
1204,30.333296999999998,59.934546999999995,140649494@N07
1205,30.448669,59.917238,139699994@N05
1206,30.449325,59.917522,139699994@N05
1207,30.449775,59.917736,139699994@N05
1208,30.449904999999998,59.918158,139699994@N05
1209,30.449391,59.917552,139699994@N05
1210,30.449510999999998,59.91734399999999,139699994@N05
1211,30.44955,59.917483,139699994@N05
1212,30.449458,59.917438,139699994@N05
1213,30.449477,59.917368999999994,139699994@N05
1214,30.44908,59.917171999999994,139699994@N05
1215,30.449590999999998,59.917216,139699994@N05
1216,30.449383,59.917469,139699994@N05
1217,30.449640999999996,59.917605,139699994@N05
1218,30.449721999999998,59.917605,139699994@N05
1219,30.449333000000003,59.917611,139699994@N05
1220,30.449294000000002,59.917438,139699994@N05
1221,30.261305,59.912688,99210278@N08
1222,30.295915,59.928656000000004,138188791@N04
1223,30.301752,59.93226899999999,138188791@N04
1224,30.307716999999997,59.932956999999995,138188791@N04
1225,30.306171999999997,59.93441899999999,138188791@N04
1226,30.310463000000002,59.934934999999996,138188791@N04
1227,30.31145,59.93558,138188791@N04
1228,30.299390999999996,59.984836,84054295@N08
1229,30.257638,59.90213000000001,142785886@N06
1230,30.337896999999998,59.955251000000004,145414276@N08
1231,30.349087,59.95111,145414276@N08
1232,30.316990999999998,59.942536,33277678@N03
1233,30.340633,59.942459,149687704@N03
1234,30.269436,59.928312,160118646@N06
1235,30.269436,59.928656000000004,160118646@N06
1236,30.257661,59.901391000000004,142785886@N06
1237,30.301388,60.006944,132813848@N04
1238,30.304402000000003,59.934712,127795981@N06
1239,30.304240999999998,59.935097999999996,127795981@N06
1240,30.293984000000002,59.984901,84054295@N08
1241,30.324222,59.951561,23465276@N04
1242,30.321419,59.95425,23465276@N04
1244,30.321608,59.954471999999996,23465276@N04
1245,30.341169,59.936397,95446690@N02
1246,30.34093,59.936177,95446690@N02
1247,30.208046000000003,59.958413,154811946@N05
1248,30.257635999999998,59.901180000000004,142785886@N06
1249,30.332415,59.93487,31498979@N05
1250,30.304261999999998,59.934768999999996,127795981@N06
1251,30.310806,59.937567,132895874@N07
1252,30.319390000000002,59.891418,50158479@N05
1253,30.310308000000003,59.962031999999994,50158479@N05
1254,30.323062,59.898537,50158479@N05
1255,30.323763,59.914049,122278953@N05
1256,30.323788,59.914055000000005,122278953@N05
1257,30.313238000000002,59.963933,122278953@N05
1258,30.313236,59.963922,122278953@N05
1260,30.328225,59.941371999999994,122278953@N05
1261,30.328177,59.941438,122278953@N05
1262,30.328060999999998,59.941438,122278953@N05
1263,30.328038,59.941441000000005,122278953@N05
1264,30.328160999999998,59.941466000000005,122278953@N05
1265,30.326361,59.935461,122278953@N05
1267,30.326365999999997,59.935596999999994,122278953@N05
1268,30.326252,59.93551899999999,122278953@N05
1269,30.326388,59.935449,122278953@N05
1272,30.318596999999997,59.891216,122278953@N05
1278,30.318194000000002,59.891560999999996,122278953@N05
1279,30.321752000000004,59.88438299999999,122278953@N05
1280,30.289405,59.930482999999995,122278953@N05
1282,30.291283,59.929147,122278953@N05
1283,30.360252000000003,59.928452,122278953@N05
1284,30.329866,59.920260999999996,122278953@N05
1285,30.336513,59.924836,122278953@N05
1286,30.336483,59.924847,122278953@N05
1287,30.336596999999998,59.924805000000006,122278953@N05
1288,30.329877000000003,59.920249,122278953@N05
1289,30.328196999999996,59.941377,122278953@N05
1290,30.302052000000003,59.945038000000004,155632720@N03
1291,30.310796000000003,59.93735600000001,132895874@N07
1292,30.320999999999998,59.95415799999999,23465276@N04
1293,30.324475,59.951488,23465276@N04
1295,30.327771999999996,59.948423999999996,23465276@N04
1297,30.272547999999997,59.939783,111303005@N06
1298,30.273459999999996,59.939347999999995,111303005@N06
1299,30.341586,59.942611,23465276@N04
1300,30.200407000000002,59.980520999999996,147085195@N03
1301,30.269136,59.979141000000006,147085195@N03
1302,30.312479999999997,59.945479000000006,147085195@N03
1303,30.302846000000002,59.937397,147085195@N03
1304,30.306065000000004,59.934698,147085195@N03
1305,30.197789,59.981262,147085195@N03
1306,30.315477,59.938602,153959403@N07
1307,30.449319,59.91756899999999,139699994@N05
1308,30.44965,59.917636,139699994@N05
1309,30.449279999999998,59.91755500000001,139699994@N05
1310,30.4495,59.917646999999995,139699994@N05
1311,30.449365999999998,59.9176,139699994@N05
1312,30.449533000000002,59.917702,139699994@N05
1313,30.449683,59.917694,139699994@N05
1314,30.449633000000002,59.917666000000004,139699994@N05
1316,30.4495,59.917591,139699994@N05
1317,30.301752,59.960961,84054295@N08
1318,30.449525,59.917646999999995,139699994@N05
1319,30.449835999999998,59.917747,139699994@N05
1320,30.449555,59.917646999999995,139699994@N05
1321,30.449319,59.917632999999995,139699994@N05
1322,30.312888,59.94003000000001,47765927@N06
1323,30.326221999999998,59.938461,55748934@N06
1324,30.29113,59.915687,111303005@N06
1325,30.351972999999997,59.944023,32548471@N04
1326,30.300528999999997,59.983886,84054295@N08
1327,30.31808,59.939602,88046665@N02
1329,30.317759000000002,59.937663,88046665@N02
1330,30.257577,59.901030000000006,142785886@N06
1331,30.381081,59.949346999999996,30888227@N08
1332,30.357713,59.939116000000006,8084580@N06
1333,30.290304,59.93748299999999,143103827@N05
1334,30.316115999999997,59.939552,63885434@N03
1335,30.331008,59.93473,63885434@N03
1336,30.343396999999996,59.933085999999996,63885434@N03
1337,30.337233,59.933586,63885434@N03
1338,30.356494,59.931622,63885434@N03
1339,30.320140999999996,59.931516,8084580@N06
1340,30.34355,59.929672,96497948@N04
1341,30.349538,59.914581999999996,99637942@N03
1342,30.301752,59.940523999999996,138188791@N04
1343,30.312652000000003,59.94104,138188791@N04
1344,30.293083000000003,59.937493,138188791@N04
1345,30.308189000000002,59.926678,111303005@N06
1346,30.297997,59.931082999999994,85355933@N00
1347,30.329582000000002,59.940012,41133601@N03
1348,30.326161,59.93534399999999,88046665@N02
1349,30.326075,59.935196999999995,88046665@N02
1350,30.328252000000003,59.935277,88046665@N02
1351,30.330158,59.93466899999999,88046665@N02
1352,30.318310999999998,59.939780000000006,88046665@N02
1353,30.315731,59.935706999999994,88046665@N02
1354,30.448946999999997,59.917255000000004,139699994@N05
1355,30.449521999999998,59.917427,139699994@N05
1356,30.449279999999998,59.9174,139699994@N05
1357,30.331846000000002,59.937977000000004,144444064@N04
1358,30.325484000000003,59.937628000000004,144444064@N04
1359,30.384491999999998,59.919295999999996,50158479@N05
1360,30.286458000000003,59.923224,75010855@N03
1361,30.286158,59.923152,75010855@N03
1363,30.449315999999996,59.917452000000004,139699994@N05
1364,30.449677,59.917716000000006,139699994@N05
1365,30.449821999999998,59.917666000000004,139699994@N05
1367,30.449227,59.917463,139699994@N05
1368,30.453163,59.919097,139699994@N05
1369,30.182708,59.944161,44187670@N07
1370,30.307025,59.943316,44187670@N07
1371,30.328666,59.94126899999999,44187670@N07
1373,30.329052,59.940338,44187670@N07
1378,30.3283,59.939713,44187670@N07
1379,30.308421999999997,59.931955,44187670@N07
1380,30.308215999999998,59.932297,44187670@N07
1381,30.308090999999997,59.932616,44187670@N07
1382,30.308333,59.934166000000005,44187670@N07
1383,30.308308,59.934077,44187670@N07
1384,30.30348,59.936036,44187670@N07
1385,30.183621999999996,59.944447,44187670@N07
1386,30.183415999999998,59.944798999999996,44187670@N07
1387,30.384813,59.92298,63885434@N03
1388,30.384519,59.922957999999994,63885434@N03
1389,30.387388,59.922991,63885434@N03
1390,30.385565999999997,59.922582999999996,63885434@N03
1391,30.38605,59.923255000000005,63885434@N03
1392,30.387733,59.92313000000001,63885434@N03
1393,30.386627,59.922916,63885434@N03
1394,30.385477,59.922968999999995,63885434@N03
1395,30.384313,59.923191,63885434@N03
1396,30.387377,59.92295,63885434@N03
1397,30.387985999999998,59.922957999999994,63885434@N03
1398,30.387811,59.923455000000004,63885434@N03
1399,30.387435999999997,59.923325,63885434@N03
1400,30.387396999999996,59.9236,63885434@N03
1401,30.385405,59.922336,63885434@N03
1402,30.386944,59.922777,63885434@N03
1403,30.386955,59.922796999999996,63885434@N03
1404,30.368485999999997,59.9263,63885434@N03
1405,30.374594000000002,59.929766,63885434@N03
1406,30.312313,59.941238,63885434@N03
1407,30.316215999999997,59.939566000000006,63885434@N03
1409,30.346952,59.927958,63885434@N03
1410,30.347094,59.927872,63885434@N03
1411,30.337321999999997,59.933513,63885434@N03
1412,30.363621999999996,59.930661,63885434@N03
1413,30.360366,59.928946999999994,63885434@N03
1414,30.369938,59.929652000000004,63885434@N03
1415,30.366238,59.935047,63885434@N03
1416,30.368583,59.933011,63885434@N03
1417,30.364277,59.936783,63885434@N03
1418,30.364113,59.935894,63885434@N03
1419,30.364002000000003,59.935993999999994,63885434@N03
1420,30.370483,59.929141,63885434@N03
1422,30.328273,59.946142,164894858@N03
1424,30.307674,59.933248999999996,21862224@N00
1425,30.289306,59.93480600000001,138188791@N04
1426,30.307073,59.938697,138188791@N04
1427,30.325698,59.935704,155632720@N03
1428,30.325155,59.935655000000004,145565190@N05
1429,30.313503000000004,59.940148,145565190@N05
1430,30.312645,59.940008999999996,145565190@N05
1431,30.311636,59.937235,145565190@N05
1433,30.316353999999997,59.95025,145414276@N08
1434,30.312695,59.940138,145414276@N08
1435,30.328445000000002,59.940481000000005,167961195@N07
1436,30.328788,59.940234,162473128@N08
1438,30.316622,59.949853000000004,145414276@N08
1439,30.334033,59.946799,23465276@N04
1440,30.334585999999998,59.94596899999999,23465276@N04
1441,30.334794,59.946025,23465276@N04
1443,30.334652000000002,59.946063,23465276@N04
1444,30.334746999999997,59.945961,23465276@N04
1446,30.334758,59.946066,23465276@N04
1448,30.334636,59.945646999999994,23465276@N04
1449,30.334991,59.945446999999994,23465276@N04
1451,30.335119,59.945561,23465276@N04
1452,30.335044,59.944193999999996,23465276@N04
1453,30.313425,59.934302,21862224@N00
1454,30.334288,59.946872,23465276@N04
1455,30.334571999999998,59.946638,23465276@N04
1456,30.334694,59.946111,23465276@N04
1457,30.334846999999996,59.946316,23465276@N04
1458,30.334694,59.946286,23465276@N04
1459,30.334908000000002,59.946608,23465276@N04
1461,30.334027000000003,59.946923999999996,23465276@N04
1464,30.334719,59.946918999999994,23465276@N04
1465,30.334358,59.94668299999999,23465276@N04
1467,30.334296999999996,59.946847,23465276@N04
1468,30.334477000000003,59.9464,23465276@N04
1472,30.31673,59.94903000000001,23465276@N04
1474,30.313202,59.989568999999996,131694276@N08
1475,30.449388,59.917457999999996,139699994@N05
1476,30.4497,59.917591,139699994@N05
1477,30.449365999999998,59.917480000000005,139699994@N05
1478,30.4495,59.917432999999996,139699994@N05
1479,30.449658000000003,59.917674,139699994@N05
1481,30.449496999999997,59.917432999999996,139699994@N05
1482,30.449383,59.91735500000001,139699994@N05
1484,30.449694,59.917611,139699994@N05
1485,30.449835999999998,59.917572,139699994@N05
1486,30.44953,59.917010999999995,139699994@N05
1487,30.449716,59.917591,139699994@N05
1488,30.449696999999997,59.91735799999999,139699994@N05
1489,30.449211,59.917513,139699994@N05
1490,30.449663,59.917868999999996,139699994@N05
1491,30.449621999999998,59.918616,139699994@N05
1492,30.319696,59.953855000000004,50158479@N05
1493,30.324982000000002,59.93642,50158479@N05
1494,30.331523999999998,59.912718000000005,50158479@N05
1495,30.307577000000002,59.952243,141875401@N08
1496,30.355190999999998,59.937718999999994,149591708@N08
1498,30.323284,59.935991,68296492@N05
1499,30.392045,59.947617,167961195@N07
1500,30.387990000000002,59.921129,167961195@N07
1501,30.269651,59.935407999999995,155632720@N03
1502,30.354999,59.937670999999995,149591708@N08
1503,30.4497,59.91755500000001,139699994@N05
1504,30.449422,59.917407999999995,139699994@N05
1505,30.333423,59.944265,84054295@N08
1506,30.308178,59.936703,148909932@N06
1507,30.305913,59.93413,25986852@N03
1508,30.322995000000002,59.942104,84054295@N08
1509,30.317413000000002,59.948986,140264807@N07
1510,30.308794,59.93988,94421156@N04
1511,30.230641,59.969021999999995,36156740@N07
1512,30.220491,59.969885999999995,36156740@N07
1513,30.224567999999998,59.96952099999999,36156740@N07
1514,30.326096999999997,59.93421899999999,96661706@N04
1515,30.326676000000003,59.931075,50158479@N05
1516,30.298771999999996,59.939144999999996,50158479@N05
1517,30.218453000000004,59.970155000000005,36156740@N07
1518,30.326615999999998,59.934732999999994,96661706@N04
1520,30.326633,59.934452,96661706@N04
1522,30.326527000000002,59.934475,96661706@N04
1523,30.30033,59.93325,96661706@N04
1524,30.292733000000002,59.925872,96661706@N04
1525,30.292855,59.925922,96661706@N04
1529,30.326588,59.934466,96661706@N04
1532,30.325922,59.934127000000004,96661706@N04
1533,30.32615,59.934208,96661706@N04
1534,30.325691,59.934086,96661706@N04
1535,30.326202000000002,59.93425,96661706@N04
1538,30.368335,59.945898,69055789@N03
1539,30.327969,59.934380000000004,96661706@N04
1540,30.328588,59.934405000000005,96661706@N04
1541,30.328211,59.934247,96661706@N04
1542,30.32658,59.934466,96661706@N04
1543,30.326625,59.934458,96661706@N04
1544,30.326435999999998,59.934497,96661706@N04
1546,30.328290999999997,59.939502000000005,96661706@N04
1547,30.328452000000002,59.93959399999999,96661706@N04
1548,30.328454999999998,59.939741000000005,96661706@N04
1549,30.328677000000003,59.939652,96661706@N04
1550,30.328652,59.939705000000004,96661706@N04
1551,30.3298,59.939902000000004,96661706@N04
1552,30.330154999999998,59.9398,96661706@N04
1553,30.329590999999997,59.939772,96661706@N04
1554,30.330283,59.939893999999995,96661706@N04
1555,30.33018,59.93981899999999,96661706@N04
1556,30.327794,59.938763,96661706@N04
1557,30.326058000000003,59.934138,96661706@N04
1558,30.326010999999998,59.934107999999995,96661706@N04
1560,30.325896999999998,59.934127000000004,96661706@N04
1561,30.325938,59.934118999999995,96661706@N04
1562,30.326247,59.93426899999999,96661706@N04
1563,30.3257,59.934822,96661706@N04
1564,30.325666,59.934638,96661706@N04
1565,30.324422,59.93425799999999,96661706@N04
1566,30.324540999999996,59.93428,96661706@N04
1567,30.308025,59.915868999999994,96661706@N04
1568,30.338112,59.939923,50158479@N05
1569,30.305471,59.944559999999996,50158479@N05
1570,30.328571999999998,59.934383,96661706@N04
1571,30.326488,59.934360999999996,96661706@N04
1572,30.326629999999998,59.936291000000004,96661706@N04
1573,30.328494,59.939461,96661706@N04
1575,30.329344,59.939811,96661706@N04
1576,30.312144,59.937625,96661706@N04
1577,30.304833000000002,59.934105,96661706@N04
1578,30.303036,59.934363,96661706@N04
1579,30.301271999999997,59.933841,96661706@N04
1580,30.300447,59.933277000000004,96661706@N04
1581,30.30045,59.933313,96661706@N04
1582,30.300525,59.933285999999995,96661706@N04
1583,30.324121999999996,59.934971999999995,96661706@N04
1584,30.327015999999997,59.93563,96661706@N04
1585,30.327708,59.934338000000004,96661706@N04
1586,30.314758,59.939597,96661706@N04
1587,30.332586,59.947047999999995,84054295@N08
1588,30.352488,59.922360999999995,94421156@N04
1589,30.359396999999998,59.90425,127099306@N08
1590,30.300435999999998,59.933271999999995,96661706@N04
1591,30.300427000000003,59.933285999999995,96661706@N04
1597,30.300333000000002,59.933236,96661706@N04
1598,30.300402000000002,59.933271999999995,96661706@N04
1599,30.300396999999997,59.93328,96661706@N04
1600,30.300872,59.933668999999995,96661706@N04
1601,30.300538,59.933516000000004,96661706@N04
1602,30.299908000000002,59.93363000000001,96661706@N04
1603,30.300583000000003,59.933436,96661706@N04
1604,30.301485999999997,59.933308,96661706@N04
1605,30.305977000000002,59.934036,96661706@N04
1606,30.305983,59.933975,96661706@N04
1608,30.305466,59.934433,96661706@N04
1609,30.307297,59.932075,96661706@N04
1610,30.308058000000003,59.931625,96661706@N04
1612,30.308069,59.928038,96661706@N04
1613,30.307902000000002,59.924544,96661706@N04
1615,30.308138,59.924586,96661706@N04
1617,30.307888000000002,59.924358,96661706@N04
1618,30.296783,59.92643,96661706@N04
1619,30.343594,59.964296999999995,96661706@N04
1620,30.343608000000003,59.964282999999995,96661706@N04
1621,30.296825,59.926166,96661706@N04
1622,30.296269,59.926127,96661706@N04
1623,30.292827000000003,59.925911,96661706@N04
1625,30.294511,59.926277,96661706@N04
1626,30.295338,59.925622,96661706@N04
1629,30.324786,59.935373999999996,96661706@N04
1632,30.295277000000002,59.925555,96661706@N04
1633,30.327394,59.934383,96661706@N04
1634,30.327227,59.93433,96661706@N04
1635,30.327475,59.934311,96661706@N04
1636,30.327019,59.935611,96661706@N04
1637,30.327008000000003,59.935632999999996,96661706@N04
1638,30.326508,59.934475,96661706@N04
1640,30.31245,59.940658,96661706@N04
1641,30.312161,59.939786,96661706@N04
1642,30.31213,59.9398,96661706@N04
1643,30.309310999999997,59.939602,96661706@N04
1644,30.302355,59.93663299999999,96661706@N04
1645,30.304071999999998,59.934666,96661706@N04
1646,30.308058000000003,59.934222,96661706@N04
1647,30.328427,59.934371999999996,96661706@N04
1649,30.328521999999996,59.934374,96661706@N04
1650,30.328558,59.934380000000004,96661706@N04
1651,30.328571999999998,59.9344,96661706@N04
1652,30.357011,59.957213,96661706@N04
1654,30.355811,59.956013,96661706@N04
1655,30.328785999999997,59.941975,96661706@N04
1656,30.328566,59.934383,96661706@N04
1657,30.328383000000002,59.934436,96661706@N04
1658,30.325558,59.935302,96661706@N04
1659,30.3248,59.935427000000004,96661706@N04
1660,30.319733000000003,59.936133,96661706@N04
1661,30.317311,59.936448999999996,96661706@N04
1662,30.316258,59.936541000000005,96661706@N04
1663,30.315440999999996,59.936775,96661706@N04
1664,30.316438,59.936918999999996,96661706@N04
1665,30.317460999999998,59.93786899999999,96661706@N04
1666,30.317213,59.938213,96661706@N04
1667,30.312865999999996,59.937827,96661706@N04
1668,30.312077000000002,59.938427000000004,96661706@N04
1673,30.316947,59.941897,96661706@N04
1675,30.32568,59.941210999999996,88046665@N02
1685,30.449475,59.917452000000004,139699994@N05
1687,30.320960999999997,59.951032999999995,48080124@N03
1688,30.309647,59.936693999999996,48080124@N03
1689,30.334319,59.943438,48080124@N03
1690,30.295402000000003,59.938552,48080124@N03
1704,30.32518,59.888055,127099306@N08
1712,30.348525,60.008630000000004,140264807@N07
1713,30.449469,59.917457999999996,139699994@N05
1714,30.4496,59.917305000000006,139699994@N05
1715,30.449388,59.917375,139699994@N05
1716,30.449579999999997,59.917161,139699994@N05
1717,30.449686,59.917191,139699994@N05
1718,30.449821999999998,59.917396999999994,139699994@N05
1719,30.449463,59.91751899999999,139699994@N05
1720,30.449452,59.917480000000005,139699994@N05
1721,30.4495,59.917508,139699994@N05
1722,30.449475,59.917457999999996,139699994@N05
1724,30.449346999999996,59.917483,139699994@N05
1725,30.449577,59.91754399999999,139699994@N05
1726,30.449483,59.917396999999994,139699994@N05
1727,30.361983000000002,59.923686,48080124@N03
1728,30.36198,59.923694,48080124@N03
1729,30.321011,59.950168999999995,48080124@N03
1730,30.320221999999998,59.949688,48080124@N03
1731,30.318571999999996,59.949498999999996,48080124@N03
1732,30.3182,59.948727000000005,48080124@N03
1733,30.317519,59.948555000000006,48080124@N03
1734,30.314396999999996,59.95046899999999,48080124@N03
1735,30.296444,59.938788,48080124@N03
1736,30.312725,59.950722,48080124@N03
1737,30.297725,59.938483,48080124@N03
1738,30.2977,59.938463,48080124@N03
1739,30.297741,59.938491000000006,48080124@N03
1740,30.295455,59.937266,48080124@N03
1741,30.297744,59.938477,48080124@N03
1742,30.299838,59.936310999999996,48080124@N03
1743,30.302563,59.936468999999995,48080124@N03
1744,30.309575,59.93683299999999,48080124@N03
1745,30.3385,59.939163,48080124@N03
1746,30.315305,59.93316899999999,48080124@N03
1747,30.336197,59.93959399999999,48080124@N03
1748,30.335955,59.940036,48080124@N03
1749,30.335769,59.947322,48080124@N03
1750,30.335960999999998,59.94693,48080124@N03
1751,30.335075,59.945377,48080124@N03
1752,30.334769,59.944855000000004,48080124@N03
1753,30.315285999999997,59.939402,48080124@N03
1754,30.318046999999996,59.949222,48080124@N03
1755,30.318108000000002,59.948873999999996,48080124@N03
1756,30.326234999999997,59.935359999999996,155632720@N03
1757,30.338085999999997,59.931202,136369523@N04
1758,30.355646999999998,59.926986,136369523@N04
1759,30.363346000000003,59.94205600000001,8084580@N06
1760,30.319661,59.935963,142546477@N08
1761,30.329217,59.940116,11356434@N05
1762,30.449769,59.917575,139699994@N05
1763,30.449310999999998,59.917511,139699994@N05
1764,30.44983,59.917421999999995,139699994@N05
1765,30.449725,59.917347,139699994@N05
1766,30.449721999999998,59.917297,139699994@N05
1767,30.449663,59.917416,139699994@N05
1768,30.449313,59.917602,139699994@N05
1769,30.449238,59.917513,139699994@N05
1770,30.449383,59.917494,139699994@N05
1771,30.449352,59.917508,139699994@N05
1772,30.4493,59.917418999999995,139699994@N05
1773,30.4495,59.917469,139699994@N05
1774,30.449111,59.917196999999994,139699994@N05
1775,30.449285999999997,59.917457999999996,139699994@N05
1776,30.44995,59.91776899999999,139699994@N05
1777,30.448713,59.91735,139699994@N05
1778,30.449127,59.917538,139699994@N05
1779,30.449222,59.917347,139699994@N05
1780,30.44945,59.917463,139699994@N05
1781,30.449847,59.917958,139699994@N05
1782,30.449422,59.91743,139699994@N05
1783,30.449261,59.917457999999996,139699994@N05
1784,30.29437,59.981556999999995,84054295@N08
1785,30.309069,59.949780000000004,48080124@N03
1786,30.324926,59.86699,144444064@N04
1787,30.331642,59.936693000000005,88046665@N02
1788,30.327305,59.94093,88046665@N02
1789,30.317083,59.939902000000004,88046665@N02
1790,30.313069,59.937774,88046665@N02
1791,30.321728999999998,59.935954,88046665@N02
1792,30.330066,59.937013,88046665@N02
1793,30.328613,59.939682999999995,95387988@N07
1794,30.259240999999996,59.900372,142785886@N06
1796,30.329087,59.93703299999999,114440180@N03
1797,30.307546999999996,59.916368999999996,83590508@N02
1798,30.339036,59.86916899999999,96497948@N04
1799,30.337211,59.869063,28280294@N03
1800,30.334378000000005,59.870931000000006,28280294@N03
1801,30.259513000000002,59.900347,142785886@N06
1802,30.316901,59.950393000000005,128730796@N02
1803,30.323317,59.94521700000001,128730796@N02
1804,30.27523,59.981384999999996,84054295@N08
1805,30.345622,59.942772,95446690@N02
1806,30.332165999999997,59.937186,47019063@N00
1807,30.333240999999997,59.934068999999994,47019063@N00
1808,30.259546999999998,59.900349,142785886@N06
1809,30.449358,59.917427,139699994@N05
1810,30.449816,59.917880000000004,139699994@N05
1811,30.449988,59.91795,139699994@N05
1812,30.326927,59.939544,80806509@N04
1813,30.326958,59.939541000000006,80806509@N04
1814,30.326958,59.939536,80806509@N04
1817,30.326897,59.939555000000006,80806509@N04
1818,30.326902,59.939552,80806509@N04
1819,30.326921999999996,59.939552,80806509@N04
1820,30.449955,59.917871999999996,139699994@N05
1821,30.449527000000003,59.917347,139699994@N05
1822,30.322390999999996,59.89395,40475883@N06
1823,30.323194,59.934380000000004,92253394@N08
1824,30.449238,59.917488,139699994@N05
1825,30.449136,59.917591,139699994@N05
1826,30.301537,59.964677,84054295@N08
1827,30.286944000000002,59.951666,96096869@N07
1828,30.325905,59.941221999999996,88046665@N02
1829,30.326404999999998,59.941219,88046665@N02
1831,30.325055,59.93382,88046665@N02
1832,30.32838,59.940743999999995,88046665@N02
1833,30.331567,59.941660999999996,88046665@N02
1834,30.329877000000003,59.942663,88046665@N02
1835,30.328344,59.944616,88046665@N02
1836,30.313436,59.937863,88046665@N02
1837,30.307108000000003,59.933997,88046665@N02
1838,30.308833,59.932065,88046665@N02
1839,30.309046999999996,59.93229,88046665@N02
1840,30.308202,59.931861,88046665@N02
1844,30.332377,59.94158,88046665@N02
1845,30.306875,59.933524,88046665@N02
1846,30.329940999999998,59.937318000000005,88046665@N02
1847,30.401746999999997,59.926997,95387988@N07
1848,30.348408000000003,59.932666000000005,95387988@N07
1849,30.317555,59.939682999999995,95387988@N07
1850,30.344424,59.933232999999994,95387988@N07
1852,30.385225,59.923897,95387988@N07
1853,30.315110999999998,59.936319,95387988@N07
1855,30.325255,59.933847,95387988@N07
1857,30.351708000000002,59.932086,95387988@N07
1858,30.356354999999997,59.931677,95387988@N07
1859,30.381656,59.926651,94945278@N02
1860,30.400163,59.962472,140264807@N07
1861,30.400177000000003,59.962427000000005,140264807@N07
1862,30.328583000000002,59.940441,96044947@N03
1863,30.448994,59.917368999999994,139699994@N05
1864,30.449769,59.917457999999996,139699994@N05
1865,30.450494,59.918102000000005,139699994@N05
1866,30.449683,59.917786,139699994@N05
1867,30.450125,59.917733,139699994@N05
1868,30.449871999999996,59.917677000000005,139699994@N05
1869,30.449008000000003,59.917525,139699994@N05
1870,30.449371999999997,59.917463,139699994@N05
1871,30.449333000000003,59.917472,139699994@N05
1872,30.449233000000003,59.917508,139699994@N05
1873,30.449279999999998,59.917483,139699994@N05
1874,30.449021999999996,59.917391,139699994@N05
1875,30.449840999999996,59.917411,139699994@N05
1876,30.449852000000003,59.917416,139699994@N05
1877,30.449246999999996,59.917494,139699994@N05
1878,30.449713,59.917611,139699994@N05
1879,30.450029999999998,59.91758299999999,139699994@N05
1880,30.450102,59.917494,139699994@N05
1881,30.449254999999997,59.917483,139699994@N05
1882,30.335247,59.959318,155632720@N03
1883,30.308025,59.9616,96497948@N04
1884,30.259483000000003,59.900347,142785886@N06
1885,30.345758,59.942666,95446690@N02
1886,30.335483,59.92173100000001,84054295@N08
1887,30.259527000000002,59.900330000000004,142785886@N06
1888,30.347929999999998,59.942744,95446690@N02
1889,30.449869,59.917777,139699994@N05
1890,30.449413,59.917646999999995,139699994@N05
1891,30.449108000000003,59.91743,139699994@N05
1892,30.449925,59.917375,139699994@N05
1893,30.449105,59.917191,139699994@N05
1895,30.449285999999997,59.91754399999999,139699994@N05
1896,30.449463,59.917405,139699994@N05
1897,30.449975,59.91775,139699994@N05
1898,30.44993,59.917868999999996,139699994@N05
1899,30.449385999999997,59.9174,139699994@N05
1900,30.449396999999998,59.91756899999999,139699994@N05
1901,30.449510999999998,59.917525,139699994@N05
1902,30.449196999999998,59.917441000000004,139699994@N05
1903,30.449183,59.917411,139699994@N05
1904,30.449613,59.917258,139699994@N05
1905,30.449483,59.917530000000006,139699994@N05
1906,30.449861,59.917725,139699994@N05
1907,30.449325,59.917391,139699994@N05
1908,30.449325,59.917613,139699994@N05
1909,30.449302000000003,59.917605,139699994@N05
1910,30.449279999999998,59.917525,139699994@N05
1911,30.44973,59.917660999999995,139699994@N05
1912,30.449486,59.917563,139699994@N05
1913,30.449165999999998,59.917593999999994,139699994@N05
1914,30.44933,59.917671999999996,139699994@N05
1915,30.449340999999997,59.917688,139699994@N05
1916,30.449344,59.917483,139699994@N05
1917,30.449291,59.917605,139699994@N05
1918,30.449277000000002,59.917494,139699994@N05
1919,30.449835999999998,59.9178,139699994@N05
1920,30.450163,59.918061,139699994@N05
1921,30.449713,59.917391,139699994@N05
1922,30.450077,59.917255000000004,139699994@N05
1923,30.309046999999996,59.990677000000005,131694276@N08
1924,30.449555,59.917480000000005,139699994@N05
1925,30.449738,59.917663,139699994@N05
1926,30.449236,59.91756899999999,139699994@N05
1927,30.396594,59.94321600000001,155105637@N03
1928,30.449808,59.917605,139699994@N05
1929,30.449888,59.917736,139699994@N05
1930,30.449294000000002,59.917491000000005,139699994@N05
1931,30.449533000000002,59.917446999999996,139699994@N05
1932,30.449377000000002,59.91758299999999,139699994@N05
1933,30.449375,59.917586,139699994@N05
1934,30.449452,59.917508,139699994@N05
1935,30.449361,59.917421999999995,139699994@N05
1936,30.449196999999998,59.917552,139699994@N05
1937,30.450272,59.917972,139699994@N05
1938,30.449638,59.917513,139699994@N05
1939,30.449555,59.917525,139699994@N05
1940,30.449108000000003,59.91733000000001,139699994@N05
1941,30.449215999999996,59.91735799999999,139699994@N05
1942,30.263434999999998,59.932978000000006,96497948@N04
1943,30.449688000000002,59.917758,139699994@N05
1944,30.449719,59.917677000000005,139699994@N05
1945,30.449240999999997,59.917411,139699994@N05
1946,30.44925,59.917407999999995,139699994@N05
1947,30.449177000000002,59.917418999999995,139699994@N05
1948,30.4496,59.917508,139699994@N05
1949,30.449102000000003,59.917552,139699994@N05
1950,30.219053999999996,59.973043999999994,143856608@N08
1951,30.310352,59.940574,96044947@N03
1952,30.310315999999997,59.940507999999994,96044947@N03
1953,30.319444,59.936413,96044947@N03
1954,30.328733000000003,59.940101,25986852@N03
1955,30.260069,59.900286,142785886@N06
1956,30.347655,59.946516,124537934@N07
1957,30.34903,59.93748299999999,124537934@N07
1958,30.349127000000003,59.937463,124537934@N07
1959,30.349061,59.937613,124537934@N07
1960,30.349652000000003,59.937532999999995,124537934@N07
1961,30.349902,59.937641000000006,124537934@N07
1962,30.349636,59.93785,124537934@N07
1963,30.349502,59.937746999999995,124537934@N07
1964,30.349052,59.937768999999996,124537934@N07
1965,30.322615999999996,59.952836,124537934@N07
1966,30.322627,59.952472,124537934@N07
1967,30.322325,59.952,124537934@N07
1968,30.322163,59.951786,124537934@N07
1969,30.321904999999997,59.951088,124537934@N07
1970,30.320763,59.951330000000006,124537934@N07
1971,30.320465999999996,59.950844,124537934@N07
1972,30.317821999999996,59.950213,124537934@N07
1973,30.317460999999998,59.950136,124537934@N07
1974,30.31608,59.95013,124537934@N07
1975,30.316088,59.950146999999994,124537934@N07
1976,30.316133,59.950252,124537934@N07
1977,30.317411,59.949783,124537934@N07
1978,30.318565999999997,59.949146999999996,124537934@N07
1979,30.318433000000002,59.948713,124537934@N07
1980,30.317560999999998,59.948241,124537934@N07
1981,30.317321999999997,59.948302000000005,124537934@N07
1982,30.317213,59.948285999999996,124537934@N07
1983,30.316791,59.948352,124537934@N07
1984,30.316188,59.94835500000001,124537934@N07
1985,30.316283000000002,59.948461,124537934@N07
1986,30.315390999999998,59.948525,124537934@N07
1987,30.315222,59.948505000000004,124537934@N07
1988,30.315046999999996,59.948488,124537934@N07
1989,30.315013,59.948491000000004,124537934@N07
1990,30.3149,59.948377,124537934@N07
1991,30.316427,59.948282999999996,124537934@N07
1992,30.316740999999997,59.948197,124537934@N07
1993,30.326088000000002,59.950118999999994,124537934@N07
1994,30.326163,59.95004399999999,124537934@N07
1995,30.333994,59.947152,124537934@N07
1996,30.335122,59.947393999999996,124537934@N07
1997,30.336158,59.947705000000006,124537934@N07
1998,30.336561,59.94778,124537934@N07
1999,30.392158000000002,59.948763,124537934@N07
2000,30.392658,59.948791,124537934@N07
2001,30.393113,59.948827,124537934@N07
2002,30.394291,59.948586,124537934@N07
2003,30.394313,59.948577,124537934@N07
2004,30.394644,59.948561,124537934@N07
2005,30.394838,59.948613,124537934@N07
2006,30.395494,59.948577,124537934@N07
2007,30.395460999999997,59.948661,124537934@N07
2008,30.395455,59.948674,124537934@N07
2009,30.395440999999998,59.948713,124537934@N07
2010,30.395433,59.948736,124537934@N07
2011,30.395396999999996,59.948822,124537934@N07
2012,30.395386,59.94885,124537934@N07
2013,30.395390999999996,59.94883000000001,124537934@N07
2014,30.395305,59.948727000000005,124537934@N07
2015,30.395269,59.948722,124537934@N07
2016,30.395313,59.948730000000005,124537934@N07
2017,30.395358,59.948744,124537934@N07
2018,30.395360999999998,59.948752,124537934@N07
2019,30.395355,59.948763,124537934@N07
2020,30.395363,59.948772,124537934@N07
2021,30.395311,59.948738,124537934@N07
2022,30.395305,59.948738,124537934@N07
2023,30.39525,59.948738,124537934@N07
2024,30.395238,59.948738,124537934@N07
2025,30.395235999999997,59.948738,124537934@N07
2027,30.395258000000002,59.948736,124537934@N07
2028,30.395511,59.948443999999995,124537934@N07
2029,30.394636,59.948663,124537934@N07
2030,30.36523,59.930724,124537934@N07
2031,30.365202000000004,59.930788,124537934@N07
2032,30.364783000000003,59.930958,124537934@N07
2033,30.364765999999996,59.930946999999996,124537934@N07
2034,30.348497,59.927822,124537934@N07
2035,30.348297,59.92785799999999,124537934@N07
2036,30.34845,59.927827,124537934@N07
2037,30.348252000000002,59.927868999999994,124537934@N07
2038,30.342691,59.92618,124537934@N07
2039,30.347575,59.927668999999995,124537934@N07
2040,30.347388,59.927738,124537934@N07
2041,30.342622,59.92633000000001,124537934@N07
2042,30.342533000000003,59.926588,124537934@N07
2043,30.342538,59.926586,124537934@N07
2044,30.342554999999997,59.926575,124537934@N07
2045,30.328853000000002,59.91926899999999,84054295@N08
2046,30.326304999999998,59.935416000000004,96044947@N03
2047,30.225424,59.972813,96044947@N03
2048,30.230883000000002,59.972530000000006,96044947@N03
2049,30.230769,59.972530000000006,96044947@N03
2050,30.330302000000003,59.918363,124537934@N07
2051,30.328072,59.919636,124537934@N07
2052,30.328219,59.919999,124537934@N07
2053,30.328255,59.920033,124537934@N07
2054,30.329210999999997,59.920080000000006,124537934@N07
2055,30.329588,59.919993999999996,124537934@N07
2056,30.329744,59.919943999999994,124537934@N07
2057,30.329735999999997,59.919911,124537934@N07
2058,30.329625,59.919613,124537934@N07
2059,30.329565999999996,59.919636,124537934@N07
2060,30.329244,59.919883,124537934@N07
2061,30.329238,59.919883,124537934@N07
2062,30.329208,59.919883,124537934@N07
2063,30.329286,59.919897,124537934@N07
2064,30.329447,59.919977,124537934@N07
2065,30.346944,59.946391000000006,124537934@N07
2066,30.342840999999996,59.936921999999996,124537934@N07
2067,30.343261,59.934622,124537934@N07
2075,30.342702000000003,59.93445500000001,124537934@N07
2076,30.342805,59.934605000000005,124537934@N07
2077,30.342838,59.93465500000001,124537934@N07
2078,30.335971999999998,59.92841899999999,124537934@N07
2079,30.335758000000002,59.928377000000005,124537934@N07
2080,30.335369,59.928511,124537934@N07
2081,30.335708,59.928941,124537934@N07
2082,30.335122,59.931516,124537934@N07
2083,30.335161,59.931549,124537934@N07
2084,30.334736,59.932168999999995,124537934@N07
2085,30.333861,59.932430000000004,124537934@N07
2086,30.333804999999998,59.932438,124537934@N07
2087,30.333758000000003,59.932446999999996,124537934@N07
2088,30.333852,59.932316,124537934@N07
2089,30.333738,59.93271899999999,124537934@N07
2090,30.330285999999997,59.931991000000004,124537934@N07
2091,30.329525,59.931622,124537934@N07
2092,30.325286,59.932235999999996,124537934@N07
2093,30.325246999999997,59.932207999999996,124537934@N07
2094,30.324994,59.932102,124537934@N07
2095,30.318413,59.930861,124537934@N07
2096,30.314775,59.933074,124537934@N07
2097,30.314725,59.933122,124537934@N07
2098,30.312813000000002,59.93473,124537934@N07
2099,30.31255,59.934697,124537934@N07
2100,30.312535999999998,59.934697,124537934@N07
2101,30.306625,59.933888,124537934@N07
2102,30.306496999999997,59.933935999999996,124537934@N07
2103,30.306471999999996,59.934052,124537934@N07
2104,30.305979999999998,59.933969,124537934@N07
2105,30.305985999999997,59.933961,124537934@N07
2106,30.306019,59.933938,124537934@N07
2107,30.306433000000002,59.933991000000006,124537934@N07
2108,30.306213,59.934252,124537934@N07
2109,30.305979999999998,59.93423000000001,124537934@N07
2110,30.305888,59.934202,124537934@N07
2111,30.305883,59.934188,124537934@N07
2112,30.306227000000003,59.933905,124537934@N07
2113,30.306221999999998,59.933911,124537934@N07
2114,30.306216,59.933913000000004,124537934@N07
2115,30.306179999999998,59.933938,124537934@N07
2125,30.307813,59.936724,124537934@N07
2126,30.309952000000003,59.937546999999995,124537934@N07
2127,30.311996999999998,59.93833299999999,124537934@N07
2128,30.306972,59.943313,124537934@N07
2129,30.307510999999998,59.94413,124537934@N07
2130,30.307377000000002,59.944202000000004,124537934@N07
2131,30.307227,59.944363,124537934@N07
2132,30.307227,59.944366,124537934@N07
2133,30.304816,59.944883,124537934@N07
2134,30.304813,59.944880000000005,124537934@N07
2135,30.304804999999998,59.944880000000005,124537934@N07
2136,30.3048,59.944877000000005,124537934@N07
2137,30.304763,59.944869,124537934@N07
2140,30.304775,59.944888,124537934@N07
2141,30.304752,59.944886,124537934@N07
2142,30.304538,59.944852000000004,124537934@N07
2144,30.304758000000003,59.944705000000006,124537934@N07
2145,30.304758000000003,59.944702,124537934@N07
2147,30.304761,59.944688,124537934@N07
2149,30.364708,59.950035,11356434@N05
2150,30.304761,59.944686,124537934@N07
2152,30.304965999999997,59.94453299999999,124537934@N07
2153,30.305740999999998,59.943502,124537934@N07
2154,30.347644,59.946372,124537934@N07
2163,30.403608000000002,59.940066,124537934@N07
2165,30.403608000000002,59.940082999999994,124537934@N07
2166,30.403608000000002,59.940091,124537934@N07
2167,30.403575,59.940052,124537934@N07
2174,30.335447,59.92884399999999,124537934@N07
2175,30.318138,59.931216000000006,124537934@N07
2176,30.306177,59.934105,124537934@N07
2177,30.345397,59.921341000000005,124537934@N07
2178,30.345399,59.921341000000005,124537934@N07
2179,30.345399,59.921344,124537934@N07
2181,30.344675,59.92115,124537934@N07
2182,30.344694,59.921161,124537934@N07
2183,30.344696999999996,59.921163,124537934@N07
2184,30.344702,59.92116600000001,124537934@N07
2185,30.344721999999997,59.921177,124537934@N07
2187,30.344844000000002,59.921252,124537934@N07
2188,30.344860999999998,59.921261,124537934@N07
2189,30.344883000000003,59.921274,124537934@N07
2190,30.34115,59.923516000000006,124537934@N07
2191,30.340033000000002,59.924538,124537934@N07
2192,30.338846999999998,59.924291000000004,124537934@N07
2193,30.338852000000003,59.924257999999995,124537934@N07
2194,30.338958,59.924597,124537934@N07
2195,30.340094,59.92533,124537934@N07
2196,30.340594,59.925571999999995,124537934@N07
2197,30.3406,59.925571999999995,124537934@N07
2198,30.340605,59.925571999999995,124537934@N07
2199,30.340613,59.925574,124537934@N07
2200,30.340615999999997,59.925574,124537934@N07
2201,30.340625,59.925577000000004,124537934@N07
2206,30.340683000000002,59.925588,124537934@N07
2207,30.340685999999998,59.925591000000004,124537934@N07
2208,30.340690999999996,59.925591000000004,124537934@N07
2209,30.340694,59.925591000000004,124537934@N07
2210,30.340708000000003,59.925594,124537934@N07
2211,30.342308000000003,59.926202,124537934@N07
2212,30.342908,59.926438,124537934@N07
2213,30.342865999999997,59.926418999999996,124537934@N07
2214,30.342836,59.926402,124537934@N07
2215,30.342727000000004,59.926352,124537934@N07
2216,30.342710999999998,59.92634399999999,124537934@N07
2217,30.342658,59.92631899999999,124537934@N07
2218,30.342958000000003,59.926788,124537934@N07
2219,30.342965999999997,59.92678299999999,124537934@N07
2220,30.343027000000003,59.926747,124537934@N07
2221,30.343065999999997,59.926671999999996,124537934@N07
2222,30.351902000000003,59.928411,124537934@N07
2223,30.351646999999996,59.928338000000004,124537934@N07
2224,30.351696999999998,59.928261,124537934@N07
2225,30.351696999999998,59.928171999999996,124537934@N07
2227,30.351619,59.928171999999996,124537934@N07
2228,30.351591,59.928171999999996,124537934@N07
2229,30.351613,59.928202,124537934@N07
2230,30.351636,59.928263,124537934@N07
2231,30.351633000000003,59.92833,124537934@N07
2232,30.353436,59.928416000000006,124537934@N07
2233,30.353508,59.928413,124537934@N07
2234,30.353663,59.928363,124537934@N07
2235,30.354346999999997,59.929607999999995,124537934@N07
2236,30.354333,59.92963,124537934@N07
2237,30.354321999999996,59.929643999999996,124537934@N07
2238,30.354311,59.929660999999996,124537934@N07
2239,30.354294,59.929680000000005,124537934@N07
2240,30.363819,59.931302,124537934@N07
2241,30.365177000000003,59.930886,124537934@N07
2242,30.369358000000002,59.931605000000005,124537934@N07
2243,30.369360999999998,59.931605000000005,124537934@N07
2244,30.369372,59.931599,124537934@N07
2248,30.369408,59.931585999999996,124537934@N07
2252,30.369413,59.931585999999996,124537934@N07
2253,30.369421999999997,59.931582999999996,124537934@N07
2255,30.369427,59.931580000000004,124537934@N07
2256,30.369429999999998,59.931577000000004,124537934@N07
2257,30.376425,59.93253299999999,124537934@N07
2258,30.376455,59.932536,124537934@N07
2259,30.376465999999997,59.932536,124537934@N07
2260,30.376469,59.932536,124537934@N07
2262,30.376508,59.932538,124537934@N07
2265,30.376535999999998,59.932541,124537934@N07
2266,30.376544,59.93254399999999,124537934@N07
2267,30.376547,59.93254399999999,124537934@N07
2269,30.376561,59.93254399999999,124537934@N07
2270,30.3772,59.932827,124537934@N07
2271,30.377236,59.932694,124537934@N07
2272,30.378138,59.932897,124537934@N07
2273,30.377875,59.932827,124537934@N07
2275,30.299102,59.929366,124537934@N07
2278,30.299186,59.929435999999995,124537934@N07
2279,30.299069,59.929874,124537934@N07
2280,30.299241,59.92975,124537934@N07
2281,30.299666,59.929347,124537934@N07
2286,30.317244,59.940961,124537934@N07
2287,30.347721999999997,59.931716,124537934@N07
2288,30.347808,59.923860999999995,124537934@N07
2289,30.346611,59.926002000000004,124537934@N07
2291,30.351779999999998,59.928124,124537934@N07
2292,30.347613,59.92826899999999,124537934@N07
2293,30.345390999999996,59.921316000000004,124537934@N07
2294,30.345397,59.921338,124537934@N07
2297,30.327779999999997,59.938438,124537934@N07
2298,30.327686,59.938480000000006,124537934@N07
2299,30.327647,59.938497,124537934@N07
2300,30.327586,59.938352,124537934@N07
2301,30.327075,59.937205000000006,124537934@N07
2302,30.325802000000003,59.934582999999996,124537934@N07
2304,30.32488,59.934636,124537934@N07
2305,30.324869,59.934636,124537934@N07
2306,30.324844,59.934633,124537934@N07
2308,30.324733000000002,59.934627,124537934@N07
2317,30.325238,59.935058,124537934@N07
2318,30.324855,59.934774,124537934@N07
2319,30.32483,59.934771999999995,124537934@N07
2320,30.325319,59.932483,124537934@N07
2321,30.325569,59.932483,124537934@N07
2323,30.327916,59.932697,124537934@N07
2324,30.327479999999998,59.932347,124537934@N07
2325,30.327315999999996,59.932216000000004,124537934@N07
2326,30.327558000000003,59.932111,124537934@N07
2327,30.327527000000003,59.932147,124537934@N07
2328,30.329340999999996,59.931927,124537934@N07
2329,30.329404999999998,59.931902,124537934@N07
2330,30.330136,59.931727,124537934@N07
2331,30.334858,59.934349,124537934@N07
2332,30.333119,59.934336,124537934@N07
2333,30.333021999999996,59.934332999999995,124537934@N07
2334,30.332729999999998,59.93433,124537934@N07
2335,30.327146999999997,59.93506899999999,124537934@N07
2336,30.324438,59.935449,124537934@N07
2337,30.323565999999996,59.935536,124537934@N07
2338,30.320738000000002,59.936152,124537934@N07
2339,30.316377000000003,59.938624,124537934@N07
2340,30.316215999999997,59.938711,124537934@N07
2341,30.316297,59.938725,124537934@N07
2342,30.315535999999998,59.938811,124537934@N07
2343,30.315277000000002,59.939341000000006,124537934@N07
2344,30.314213,59.94,124537934@N07
2345,30.313940999999996,59.94025799999999,124537934@N07
2346,30.314265999999996,59.939949,124537934@N07
2347,30.315136,59.939788,124537934@N07
2348,30.317216,59.941058,124537934@N07
2349,30.338040999999997,59.947341,124537934@N07
2350,30.317629999999998,59.94113,124537934@N07
2351,30.338138,59.947302,124537934@N07
2352,30.338169,59.947286,124537934@N07
2353,30.317411,59.941088,124537934@N07
2354,30.317102000000002,59.941088,124537934@N07
2355,30.337938,59.947325,124537934@N07
2356,30.337819,59.947316,124537934@N07
2357,30.337736,59.947311,124537934@N07
2358,30.337658,59.94730500000001,124537934@N07
2359,30.312802,59.941288,124537934@N07
2360,30.312941,59.941341,124537934@N07
2361,30.309902,59.940332999999995,124537934@N07
2362,30.30893,59.939986,124537934@N07
2363,30.308905,59.939969,124537934@N07
2364,30.308894,59.939961,124537934@N07
2365,30.30725,59.939021999999994,124537934@N07
2366,30.305611,59.938572,124537934@N07
2367,30.302994,59.936857999999994,124537934@N07
2368,30.302585999999998,59.936285999999996,124537934@N07
2369,30.304465999999998,59.93468000000001,124537934@N07
2370,30.307975,59.931369,124537934@N07
2371,30.312844000000002,59.932449,124537934@N07
2372,30.319308000000003,59.940791000000004,124537934@N07
2373,30.318069,59.94153000000001,124537934@N07
2374,30.316610999999998,59.943638,124537934@N07
2375,30.316921999999998,59.943749,124537934@N07
2376,30.317444000000002,59.943977000000004,124537934@N07
2377,30.32788,59.94769399999999,124537934@N07
2378,30.335471999999996,59.948575,124537934@N07
2379,30.342544,59.932322,124537934@N07
2380,30.329508,59.926102,124537934@N07
2381,30.310238000000002,59.919943999999994,124537934@N07
2382,30.308811,59.919602000000005,124537934@N07
2383,30.293694,59.927872,124537934@N07
2384,30.293708000000002,59.927911,124537934@N07
2385,30.296386,59.928877,124537934@N07
2386,30.308215999999998,59.931343999999996,124537934@N07
2387,30.308235999999997,59.931357999999996,124537934@N07
2388,30.308613,59.931755,124537934@N07
2389,30.308019,59.931636,124537934@N07
2390,30.308047,59.931611,124537934@N07
2391,30.34698,59.946263,124537934@N07
2394,30.338388000000002,59.947463,124537934@N07
2395,30.337244000000002,59.947125,124537934@N07
2396,30.317619,59.941302,124537934@N07
2397,30.319627,59.940546999999995,124537934@N07
2398,30.298813,59.921066,124537934@N07
2399,30.308058000000003,59.931371999999996,124537934@N07
2400,30.313360999999997,59.932593999999995,124537934@N07
2401,30.347471999999996,59.94621899999999,124537934@N07
2403,30.3162,59.942977,124537934@N07
2404,30.321058,59.936046999999995,124537934@N07
2405,30.306471999999996,59.934290000000004,69240106@N06
2406,30.328831,59.940105,69240106@N06
2407,30.329024,59.939912,69240106@N06
2408,30.318832,59.940116,69240106@N06
2409,30.347988,59.945741000000005,124537934@N07
2411,30.345155,59.946716,124537934@N07
2412,30.338890999999997,59.94733000000001,124537934@N07
2413,30.338827000000002,59.947275,124537934@N07
2414,30.337854999999998,59.947444,124537934@N07
2415,30.347638,59.946372,124537934@N07
2418,30.288494,59.906516,32909420@N06
2419,30.311618,59.939420999999996,94945278@N02
2420,30.353205,59.93209399999999,114440180@N03
2421,30.346590999999997,59.942841,95446690@N02
2422,30.323963,59.944791,95446690@N02
2423,30.345658,59.942788,95446690@N02
2424,30.348755,59.942730000000005,95446690@N02
2425,30.306428999999998,59.914460999999996,50158479@N05
2426,30.348086,59.94285,95446690@N02
2427,30.319446999999997,59.943459999999995,96497948@N04
2431,30.333645,59.944003,88046665@N02
2432,30.333845,59.943691,88046665@N02
2433,30.308768,59.940801,88046665@N02
2434,30.307777,59.934713,88046665@N02
2435,30.310619,59.935097,88046665@N02
2436,30.307127,59.934355000000004,88046665@N02
2437,30.306313,59.93486600000001,88046665@N02
2438,30.312440999999996,59.937128,88046665@N02
2441,30.317488,59.938947,88046665@N02
2442,30.318196999999998,59.939363,88046665@N02
2443,30.318677,59.93980500000001,88046665@N02
2444,30.319661,59.940068999999994,88046665@N02
2445,30.323290999999998,59.943548,94945278@N02
2446,30.283447,59.965025,89277074@N07
2447,30.300228000000004,59.926151000000004,84054295@N08
2448,30.301387,59.926958,84054295@N08
2449,30.306383,59.934732999999994,88046665@N02
2450,30.313721,59.941173,96497948@N04
2451,30.315474,59.939337,114440180@N03
2452,30.3175,59.942499,134653512@N04
2453,30.328788,59.919903000000005,96497948@N04
2471,30.347456,59.933376,8084580@N06
2472,30.304026,59.976769,84054295@N08
2474,30.404777000000003,59.96309399999999,142785886@N06
2475,30.343251000000002,59.933358,114440180@N03
2502,30.312137,59.935064000000004,94945278@N02
2504,30.308854999999998,59.931911,88046665@N02
2505,30.309065999999998,59.932010999999996,88046665@N02
2506,30.324068,59.933828000000005,88046665@N02
2507,30.326471999999995,59.945308,88046665@N02
2508,30.326988,59.945325,88046665@N02
2509,30.323036,59.943293999999995,88046665@N02
2510,30.316471999999997,59.940419999999996,88046665@N02
2511,30.316679999999998,59.940008,88046665@N02
2512,30.330169,59.9405,88046665@N02
2513,30.3251,59.9338,88046665@N02
2515,30.337702,59.933893999999995,88046665@N02
2516,30.298060999999997,59.928078,118927205@N05
2522,30.28922,59.932766,118927205@N05
2523,30.320334000000003,59.935838000000004,37583176@N00
2524,30.343401,59.932075,37583176@N00
2525,30.312941,59.939496999999996,46406260@N00
2526,30.314838,59.941821999999995,46406260@N00
2527,30.341686,59.943316,46406260@N00
2528,30.329866,59.939813,46406260@N00
2529,30.338655,59.947438,46406260@N00
2530,30.337825,59.947373999999996,46406260@N00
2531,30.40393,59.963127,142785886@N06
2532,30.305633,59.934341,114440180@N03
2534,30.353849,59.932051,114440180@N03
2535,30.449444,59.917572,139699994@N05
2536,30.356125,59.922398,155632720@N03
2537,30.330610999999998,59.93574399999999,38852828@N00
2538,30.308047,59.932322,38852828@N00
2539,30.309155,59.935407999999995,38852828@N00
2540,30.311321999999997,59.935407999999995,38852828@N00
2541,30.324862,59.933677,88046665@N02
2542,30.312265999999997,59.940868,84054295@N08
2543,30.402555,59.95994399999999,140264807@N07
2544,30.303825,59.937877,47019063@N00
2545,30.331194,59.936510999999996,38852828@N00
2546,30.330508000000002,59.936041,38852828@N00
2547,30.319460999999997,59.94025500000001,38852828@N00
2548,30.319271999999998,59.940463,38852828@N00
2549,30.302069,59.9366,38852828@N00
2550,30.302190999999997,59.936591,38852828@N00
2551,30.330563,59.93571899999999,38852828@N00
2557,30.306901,59.942384,62078048@N08
2558,30.316321000000002,59.950272,155837490@N05
2559,30.308059999999998,59.941191,155837490@N05
2560,30.336944,59.934166000000005,140169515@N02
2561,30.316388,59.94305500000001,140169515@N02
2562,30.319166,59.940277,140169515@N02
2563,30.315833,59.94,140169515@N02
2565,30.314444,59.940833,140169515@N02
2566,30.317221999999997,59.942499,140169515@N02
2567,30.304444,59.931111,140169515@N02
2568,30.326388,59.934999,140169515@N02
2569,30.323611,59.940277,140169515@N02
2570,30.336111,59.941388,140169515@N02
2572,30.314721999999996,59.9325,140169515@N02
2573,30.304166,59.948333,140169515@N02
2575,30.328333,59.939721999999996,140169515@N02
2577,30.316171,59.950540000000004,84054295@N08
2578,30.306841,59.933358,96044947@N03
2579,30.404754999999998,59.942666,142785886@N06
2580,30.325236999999998,59.935078000000004,96497948@N04
2583,30.31353,59.925807999999996,96044947@N03
2584,30.311729999999997,59.938421999999996,96044947@N03
2585,30.313622,59.94046899999999,96044947@N03
2586,30.338290999999998,59.954952,96044947@N03
2587,30.331529999999997,59.943472,96044947@N03
2588,30.331588,59.943463,96044947@N03
2589,30.325544,59.934838,96044947@N03
2590,30.313816,59.939485999999995,96044947@N03
2591,30.314636,59.939836,96044947@N03
2592,30.309711,59.940346999999996,96044947@N03
2593,30.329511,59.940336,96044947@N03
2594,30.403397,59.942783,142785886@N06
2595,30.313194,59.919024,50158479@N05
2596,30.312072999999998,59.918890000000005,50158479@N05
2597,30.321234999999998,59.952259,84054295@N08
2598,30.307088,59.93399399999999,88046665@N02
2600,30.306966,59.933724,88046665@N02
2601,30.30823,59.93249399999999,88046665@N02
2602,30.326065999999997,59.941019,88046665@N02
2603,30.328229999999998,59.940555,88046665@N02
2604,30.328644,59.940705,88046665@N02
2605,30.328752,59.943830000000005,88046665@N02
2606,30.262711,59.900349,142785886@N06
2607,30.301322,59.936593,118927205@N05
2609,30.305013,59.94256899999999,118927205@N05
2612,30.202002,59.974127,28280294@N03
2613,30.318105,59.953461,50158479@N05
2614,30.314959,59.955476000000004,50158479@N05
2615,30.328027000000002,59.951593,50158479@N05
2616,30.335606,59.944766,50158479@N05
2617,30.338562,59.940459999999995,50158479@N05
2618,30.344345,59.934287,50158479@N05
2619,30.338465999999997,59.916444999999996,50158479@N05
2620,30.324839,59.934872,25986852@N03
2621,30.334668,59.946305,26538686@N00
2622,30.306905,59.933877,88046665@N02
2623,30.308563,59.93191899999999,88046665@N02
2625,30.307063,59.93399399999999,88046665@N02
2626,30.308746999999997,59.940815,163622925@N05
2629,30.210942,59.972443000000005,142785886@N06
2630,30.336127,59.942588,143053657@N07
2631,30.337865999999998,59.941793999999994,142417549@N08
2632,30.315788,59.942496999999996,107730330@N03
2633,30.310249,59.93901999999999,94945278@N02
2634,30.302524,59.93945,47765927@N06
2635,30.326408,59.935357999999994,96044947@N03
2636,30.308127000000002,59.932033,88046665@N02
2637,30.306902,59.934518999999995,88046665@N02
2638,30.311063,59.937086,88046665@N02
2640,30.308558,59.933686,88046665@N02
2641,30.314412,59.961133,84054295@N08
2642,30.306301,59.934231999999994,128730796@N02
2688,30.328891,59.940114,146324139@N02
2689,30.282418,59.927108,37583176@N00
2690,30.282676000000002,59.926839,37583176@N00
2691,30.283447999999996,59.928495,37583176@N00
2692,30.283490999999998,59.92809200000001,37583176@N00
2693,30.285294,59.928408999999995,37583176@N00
2694,30.290336,59.927893000000005,37583176@N00
2695,30.290143,59.927946999999996,37583176@N00
2696,30.354087,60.002708,84054295@N08
2697,30.210984999999997,59.972464,142785886@N06
2698,30.313081,59.940992,155632720@N03
2699,30.317978999999998,59.963536,96497948@N04
2700,30.320097999999998,59.963838,96497948@N04
2703,30.311279,59.922625,118927205@N05
2717,30.315998999999998,59.950196,23421399@N02
2718,30.309205,59.936522,96044947@N03
2719,30.309775,59.936916000000004,96044947@N03
2720,30.361746999999998,59.925438,80806509@N04
2721,30.361672,59.925366000000004,80806509@N04
2722,30.361690999999997,59.925357999999996,80806509@N04
2723,30.361827,59.925402000000005,80806509@N04
2724,30.361655,59.925261,80806509@N04
2725,30.361683000000003,59.925368999999996,80806509@N04
2726,30.361652000000003,59.925368999999996,80806509@N04
2729,30.346629999999998,59.928237,84054295@N08
2730,30.361694,59.931167,37583176@N00
2731,30.212101,59.97221700000001,142785886@N06
2732,30.237735999999998,59.980752,26999357@N07
2733,30.238577000000003,59.979896999999994,26999357@N07
2734,30.250515999999998,59.97829399999999,26999357@N07
2736,30.256696999999996,59.976613,26999357@N07
2737,30.352478,59.942459,94945278@N02
2738,30.265888,59.903296999999995,142785886@N06
2739,30.324422,59.95315,126249021@N08
2740,30.325461999999998,59.951378000000005,149591708@N08
2741,30.306039000000002,59.934105,146324139@N02
2742,30.28295,59.935545999999995,146324139@N02
2743,30.315647,59.93911899999999,96044947@N03
2744,30.256572,59.976707999999995,26999357@N07
2745,30.264946999999996,59.902363,142785886@N06
2746,30.327308000000002,59.951679000000006,149591708@N08
2747,30.335987,59.953796,149591708@N08
2748,30.335504999999998,59.95734100000001,149591708@N08
2749,30.300464,59.923097999999996,118927205@N05
2754,30.34695,59.93591899999999,144636054@N06
2785,30.345102,59.936652,144636054@N06
2786,30.345113,59.936641,144636054@N06
2787,30.345108000000003,59.936536,144636054@N06
2788,30.344846999999998,59.936544,144636054@N06
2789,30.344363,59.936661,144636054@N06
2790,30.345171999999998,59.940527,144636054@N06
2795,30.337754999999998,59.941793999999994,144636054@N06
2796,30.333752,59.941977,144636054@N06
2797,30.328840999999997,59.940611,144636054@N06
2798,30.329535999999997,59.939969,144636054@N06
2799,30.327546999999996,59.937188,144636054@N06
2800,30.326994,59.936377,144636054@N06
2802,30.325377000000003,59.93533000000001,144636054@N06
2803,30.306065000000004,59.934091,25986852@N03
2804,30.264913,59.902255000000004,142785886@N06
2805,30.347328000000005,59.960223,34359597@N03
2806,30.349255,59.951716000000005,144636054@N06
2808,30.335461,59.945021999999994,144636054@N06
2822,30.308019,59.941102,144636054@N06
2825,30.329338,59.919633,144636054@N06
2828,30.430068,59.926012,94421156@N04
2829,30.317845000000002,59.93865400000001,126249021@N08
2830,30.449310999999998,59.917502,139699994@N05
2831,30.449422,59.917611,139699994@N05
2833,30.265413,59.90283,142785886@N06
2834,30.305228000000003,59.93388100000001,145414276@N08
2835,30.298726000000002,59.922151,145414276@N08
2836,30.299928,59.922565000000006,145414276@N08
2837,30.301085999999998,59.922796,145414276@N08
2838,30.265533,59.903022,142785886@N06
2839,30.357197999999997,59.931611,166735613@N02
2840,30.33132,59.934793000000006,166735613@N02
2841,30.44913,59.91756899999999,139699994@N05
2842,30.449085999999998,59.917513,139699994@N05
2843,30.342138000000002,59.933572,35868392@N00
2844,30.330085999999998,59.954628,86411192@N06
2845,30.377990999999998,59.926275,47019063@N00
2846,30.449379999999998,59.917613,139699994@N05
2847,30.449285999999997,59.917575,139699994@N05
2848,30.449069,59.91731899999999,139699994@N05
2849,30.449415999999996,59.917463,139699994@N05
2850,30.449494,59.9176,139699994@N05
2851,30.335665000000002,59.928490000000004,94421156@N04
2853,30.337307,59.9419,94421156@N04
2854,30.357906,59.931419999999996,62146734@N08
2855,30.346640999999998,59.92807,84054295@N08
2856,30.265894,59.9033,142785886@N06
2857,30.310740999999997,59.96764399999999,7171899@N04
2858,30.310658,59.96759399999999,7171899@N04
2859,30.302335999999997,59.936682999999995,7171899@N04
2860,30.3357,59.94325,7171899@N04
2862,30.250775,59.978255000000004,26999357@N07
2863,30.263735999999998,59.977063,26999357@N07
2864,30.316536,59.950336,145414276@N08
2866,30.328874,59.940127000000004,144621702@N03
2867,30.320769,59.956219,7171899@N04
2868,30.320713,59.956177000000004,7171899@N04
2869,30.3067,59.958438,7171899@N04
2870,30.306604999999998,59.958405000000006,7171899@N04
2871,30.302944,59.960086,7171899@N04
2872,30.334732000000002,59.946664,26538686@N00
2873,30.265638,59.903344,142785886@N06
2874,30.334303000000002,59.939603000000005,26538686@N00
2875,30.324293,59.935752,32548471@N04
2876,30.252828000000004,59.973364000000004,25698914@N05
2877,30.332521999999997,59.933138,166735613@N02
2878,30.332735999999997,59.933267,166735613@N02
2879,30.325956,59.935481,166735613@N02
2880,30.325053999999998,59.935567000000006,166735613@N02
2881,30.296108,59.950717000000004,166735613@N02
2882,30.296001,59.950803,166735613@N02
2883,30.355546,59.956959,166735613@N02
2885,30.304734000000003,59.916573,86956792@N06
2886,30.304659,59.91647,86956792@N06
2887,30.325163,59.935286,57445335@N00
2888,30.358538,59.926613,57445335@N00
2889,30.331888,59.921558,57445335@N00
2890,30.318747,59.91690500000001,57445335@N00
2891,30.308002000000002,59.932288,57445335@N00
2892,30.310036,59.936763,57445335@N00
2893,30.331477000000003,59.937027,57445335@N00
2894,30.30933,59.9315,57445335@N00
2895,30.307969,59.932291000000006,57445335@N00
2896,30.308296000000002,59.932336,57445335@N00
2897,30.32815,59.94044399999999,57445335@N00
2898,30.308463,59.933822,57445335@N00
2899,30.305743,59.938667,41133601@N03
2900,30.291388,59.933301,155632720@N03
2901,30.373633,59.943941,80806509@N04
2902,30.374871999999996,59.94408000000001,80806509@N04
2905,30.374433000000003,59.944455000000005,80806509@N04
2907,30.374485999999997,59.944796999999994,80806509@N04
2908,30.375252000000003,59.945738,80806509@N04
2910,30.374536,59.94856600000001,80806509@N04
2912,30.373427000000003,59.944041000000006,80806509@N04
2914,30.374375,59.946498999999996,80806509@N04
2915,30.298988,59.942938,80806509@N04
2916,30.294808000000003,59.94495,80806509@N04
2917,30.298588,59.942641,80806509@N04
2935,30.307244,59.932613,100042272@N02
2936,30.298561,59.920649,100042272@N02
2937,30.326158000000003,59.945468999999996,100042272@N02
2938,30.32955,59.94624399999999,100042272@N02
2939,30.340411,59.948646999999994,100042272@N02
2940,30.359708,59.949966,100042272@N02
2941,30.394305,59.948772,100042272@N02
2942,30.337094,59.941836,100042272@N02
2943,30.330166,59.94175500000001,100042272@N02
2944,30.339463000000002,59.954907999999996,141372735@N06
2945,30.343152000000003,59.934855000000006,33277678@N03
2946,30.267988,59.903180000000006,142785886@N06
2947,30.324926,59.934160999999996,94421156@N04
2948,30.326632,59.93549399999999,94421156@N04
2949,30.32675,59.937934,8084580@N06
2950,30.368592,59.925936,50158479@N05
2951,30.300518,59.921393,50158479@N05
2952,30.297482000000002,59.926678,50158479@N05
2953,30.301414,59.926931,50158479@N05
2954,30.364665000000002,59.930935999999996,118927205@N05
2961,30.263391,59.981418999999995,26999357@N07
2962,30.267877000000002,59.903310999999995,142785886@N06
2963,30.322909000000003,59.955397,32548471@N04
2964,30.325461999999998,59.931855000000006,94421156@N04
2965,30.328938,59.940116,94421156@N04
2966,30.336771000000002,59.94175,94421156@N04
2967,30.351169,59.943018,149591708@N08
2968,30.373441999999997,59.947047999999995,149591708@N08
2969,30.377476,59.945178000000006,149591708@N08
2970,30.377411,59.945243000000005,149591708@N08
2971,30.337843,59.929667,50728027@N02
2972,30.375609000000004,59.945629000000004,149591708@N08
2973,30.375587,59.945651,149591708@N08
2974,30.329513000000002,59.925075,140264807@N07
2975,30.308099,59.94116700000001,146324139@N02
2976,30.350096,59.926731999999994,84054295@N08
2977,30.31565,59.95018,144646091@N08
2980,30.310285999999998,59.948436,144646091@N08
2981,30.343360999999998,59.9349,144646091@N08
2987,30.312279999999998,59.940811,144646091@N08
3002,30.307810999999997,59.932038,144646091@N08
3004,30.3118,59.939738,96044947@N03
3005,30.295828999999998,59.941733,118927205@N05
3013,30.313527,59.879763,56406049@N03
3014,30.302513,59.936271999999995,112105145@N04
3015,30.339327,59.930302000000005,112105145@N04
3017,30.339358,59.930288,112105145@N04
3018,30.33933,59.930308,112105145@N04
3019,30.332386,59.945935999999996,88046665@N02
3020,30.318677,59.939991000000006,88046665@N02
3021,30.307277000000003,59.93423000000001,88046665@N02
3022,30.352392,59.924333999999995,84054295@N08
3023,30.324313,59.934934999999996,144584957@N04
3024,30.325765000000004,59.935318,144584957@N04
3025,30.314551,59.95610799999999,96497948@N04
3026,30.317366999999997,59.950304,25554263@N04
3027,30.449008000000003,59.917427,139699994@N05
3028,30.449105,59.917530000000006,139699994@N05
3029,30.449369,59.917563,139699994@N05
3030,30.449261,59.917469,139699994@N05
3031,30.449505,59.917308,139699994@N05
3032,30.448877000000003,59.917405,139699994@N05
3033,30.34825,59.92419399999999,84054295@N08
3034,30.347371000000003,59.923839,84054295@N08
3035,30.377883,59.924274,118927205@N05
3040,30.241638000000002,59.971752,96044947@N03
3041,30.333491,59.944552,88046665@N02
3043,30.384566999999997,59.920871,86411192@N06
3044,30.317028999999998,59.950745,139225521@N03
45845,30.320202000000002,59.93615,145565190@N05
92045,30.207874,59.951636,93332534@N08
